accession,label,group,prediction,reference_prediction,probability_Cytoplasm,reference_probability_Cytoplasm,probability_Membrane,reference_probability_Membrane,probability_Mitochondrion,reference_probability_Mitochondrion,probability_Nucleus,reference_probability_Nucleus,probability_Secreted,reference_probability_Secreted
A1L1A6,Membrane,A1L1A6__3b711d016e720774,Membrane,Secreted,0.09375,0.12747085813492062,0.56640625,0.27984561011904757,0.078125,0.14739273313492063,0.0859375,0.13682725694444442,0.17578125,0.3084635416666666
A6NKF2,Nucleus,A6NKF2__42e2bfa591175e1a,Nucleus,Nucleus,0.2578125,0.24264012896825393,0.080078125,0.11375614402958152,0.0546875,0.14085244182900433,0.525390625,0.4195963541666667,0.08203125,0.08315493100649352
A6NNB3,Membrane,A6NNB3__f7125b0f4e8d4737,Secreted,Membrane,0.08984375,0.1069822104978355,0.3515625,0.311524283008658,0.138671875,0.18991620358807862,0.06640625,0.08357571248196248,0.353515625,0.3080015904234654
B2RUZ4,Membrane,B2RUZ4__9dc4d7e5d33c396d,Secreted,Secreted,0.14453125,0.15531994047619047,0.212890625,0.1861328125,0.228515625,0.19691840277777775,0.12109375,0.14341827876984128,0.29296875,0.31821056547619053
C0HLV8,Mitochondrion,C0HLV8__813682053ee7ba40,Secreted,Secreted,0.13671875,0.11840587797619047,0.103515625,0.07494729662698413,0.265625,0.23138838158369404,0.095703125,0.1558996775793651,0.3984375,0.4193587662337662
D6RGH6,Nucleus,D6RGH6__97a6dd3e62b7cf7e,Nucleus,Nucleus,0.26171875,0.33594482774170276,0.103515625,0.14005766369047618,0.04296875,0.10887896825396827,0.486328125,0.3396577380952382,0.10546875,0.07546080221861472
H3BV60,Membrane,H3BV60__1fc799d747fec8f0,Secreted,Secreted,0.13671875,0.1384889632936508,0.1953125,0.18271854014041514,0.150390625,0.22105225503663,0.255859375,0.1712323050213675,0.26171875,0.2865079365079365
O00155,Membrane,O00155__fe488629acdd126c,Membrane,Membrane,0.037109375,0.08584759424603175,0.833984375,0.4810608878968254,0.02734375,0.0949483676046176,0.0390625,0.09726393398268396,0.0625,0.24087921626984124
O00270,Membrane,O00155__fe488629acdd126c,Membrane,Membrane,0.037109375,0.10611049107142859,0.89453125,0.6190910218253969,0.01171875,0.10197482638888888,0.00390625,0.037890625000000004,0.052734375,0.13493303571428567
O00358,Nucleus,O00358__be34d037962aa145,Nucleus,Nucleus,0.150390625,0.12936536120129868,0.154296875,0.12233072916666665,0.1171875,0.19792822195165943,0.40625,0.357483878968254,0.171875,0.1928918087121212
O00421,Membrane,O00155__fe488629acdd126c,Membrane,Membrane,0.025390625,0.0796875,0.873046875,0.5818793402777777,0.052734375,0.14247508899393094,0.015625,0.0690421481092437,0.033203125,0.12691592261904763
O00555,Membrane,O00555__c0c4e4c51ca175b1,Nucleus,Membrane,0.16015625,0.22037760416666663,0.1875,0.33561197916666663,0.14453125,0.09366319444444444,0.447265625,0.29103732638888885,0.060546875,0.059309895833333334
O00763,Mitochondrion,O00763__d592484ce5eff1d7,Cytoplasm,Membrane,0.416015625,0.29442894345238096,0.333984375,0.4087797619047619,0.078125,0.11590711805555556,0.13671875,0.10438678075396825,0.03515625,0.07649739583333333
O14508,Cytoplasm,O14508__241ae67053df7934,Mitochondrion,Mitochondrion,0.154296875,0.21211275703463195,0.126953125,0.12267175099206348,0.318359375,0.25906847059190813,0.212890625,0.1583667634448884,0.1875,0.24778025793650796
O14594,Secreted,O14594__d590831a39213f0b,Nucleus,Nucleus,0.291015625,0.22171068948412695,0.201171875,0.21778893849206343,0.04296875,0.07712053571428572,0.3359375,0.31638454861111104,0.12890625,0.16699528769841268
O14732,Cytoplasm,O14732__9dae2591785e6506,Cytoplasm,Mitochondrion,0.30078125,0.25307229662698405,0.255859375,0.18785962301587303,0.146484375,0.2608692956349206,0.171875,0.169007316468254,0.125,0.1291914682539682
O14798,Membrane,O14798__a08d8fa6b26d8d4a,Secreted,Secreted,0.150390625,0.17159288194444444,0.23828125,0.20603636814574317,0.060546875,0.1252973372113997,0.1640625,0.20458209325396823,0.38671875,0.29249131944444434
O14901,Nucleus,O14901__e272e67b47e27a12,Nucleus,Nucleus,0.138671875,0.18316902281746028,0.24609375,0.18874937996031743,0.083984375,0.11936693948412698,0.267578125,0.32308097718253964,0.263671875,0.18563368055555549
O14948,Nucleus,O14948__1ae75639ad6e0ba7,Nucleus,Nucleus,0.333984375,0.28890438988095235,0.078125,0.14497767857142857,0.080078125,0.09664394403594773,0.45703125,0.3661093604108312,0.05078125,0.10336462710084034
O15091,Mitochondrion,O15091__b6082fa4536f61d5,Membrane,Cytoplasm,0.1796875,0.29374117635836383,0.271484375,0.2011532738095238,0.24609375,0.11566840277777779,0.15234375,0.21386361034798532,0.150390625,0.1755735367063492
O15123,Secreted,O15123__58a48a0d320451b3,Cytoplasm,Cytoplasm,0.3828125,0.29938306051587305,0.15625,0.17662450396825397,0.056640625,0.07510512490981242,0.23046875,0.2598682133838383,0.173828125,0.18901909722222224
O60563,Nucleus,O60563__7cddb9224d8365b7,Nucleus,Nucleus,0.140625,0.15766679067460315,0.052734375,0.08772321428571428,0.021484375,0.07262524801587303,0.716796875,0.5845889136904762,0.068359375,0.09739583333333335
O60732,Cytoplasm,O60732__33b4e98c8dc7a474,Nucleus,Nucleus,0.279296875,0.22984561011904758,0.123046875,0.19903273809523808,0.037109375,0.051962425595238095,0.4765625,0.37957589285714305,0.083984375,0.13958333333333336
O60760,Cytoplasm,O60760__aeeb5ff23a597720,Membrane,Cytoplasm,0.228515625,0.26711881868131865,0.244140625,0.15639880952380955,0.14453125,0.19783153044871798,0.17578125,0.1353329613095238,0.20703125,0.24331788003663005
O75663,Cytoplasm,O75663__b0b3e59968776a01,Cytoplasm,Nucleus,0.37109375,0.2696242559523809,0.146484375,0.1726314484126984,0.0859375,0.14561631944444445,0.259765625,0.2911737351190477,0.13671875,0.12095424107142862
O75909,Nucleus,O75909__3e259e8d002f3177,Nucleus,Nucleus,0.181640625,0.20008060515873013,0.09765625,0.15559809114496612,0.119140625,0.13071422934704183,0.46875,0.37624974851537346,0.1328125,0.13735732583388832
O76071,Cytoplasm,O76071__5d151b994d8def74,Secreted,Secreted,0.16796875,0.1538876488095238,0.2421875,0.23471339858058604,0.0625,0.14380437271062269,0.12109375,0.15184771825396823,0.40625,0.31574686164529914
O94885,Cytoplasm,O94885__3e972be09e848282,Nucleus,Nucleus,0.173828125,0.14134424603174603,0.044921875,0.063671875,0.00390625,0.02338169642857143,0.767578125,0.7434957837301587,0.009765625,0.02810639880952381
O94913,Nucleus,O94913__cee6b5a9c38d39cf,Nucleus,Nucleus,0.119140625,0.14247581845238097,0.025390625,0.07252914186507936,0.033203125,0.08211805555555557,0.80859375,0.6646825396825397,0.013671875,0.03819444444444444
O94941,Nucleus,O94941__fa38ccec657e9730,Membrane,Nucleus,0.18359375,0.18115079365079365,0.337890625,0.18563114402958153,0.080078125,0.13493359938672436,0.171875,0.27185724431818176,0.2265625,0.22642721861471868
O95372,Cytoplasm,O95372__e3749bde9b791031,Membrane,Membrane,0.11328125,0.21639384920634921,0.4921875,0.2661272321428571,0.193359375,0.22522631448412697,0.083984375,0.09137834821428571,0.1171875,0.20087425595238093
O95407,Secreted,O95407__a6a678e27aa189f4,Secreted,Secreted,0.12890625,0.17707713293650787,0.2421875,0.16831597222222222,0.126953125,0.1415612599206349,0.125,0.1324590773809524,0.376953125,0.38058655753968235
O95819,Cytoplasm,O95819__56340a272de94548,Nucleus,Nucleus,0.255859375,0.24185577876984124,0.0625,0.10093936011904764,0.0078125,0.08340773809523809,0.646484375,0.5128968253968254,0.02734375,0.06090029761904761
O95841,Secreted,O15123__58a48a0d320451b3,Secreted,Membrane,0.154296875,0.19895297844516593,0.15625,0.24377790178571426,0.193359375,0.17326360705266952,0.189453125,0.15736663510101012,0.306640625,0.22663887761544013
O95935,Nucleus,O95935__9a5f5ad51fc4bfed,Nucleus,Nucleus,0.115234375,0.18715587797619043,0.0859375,0.12148127480158731,0.056640625,0.08676525297619049,0.68359375,0.4633277529761905,0.05859375,0.1412698412698413
P00739,Secreted,P00739__1d54a123363f7dda,Membrane,Cytoplasm,0.228515625,0.28717757936507937,0.30859375,0.24144655257936504,0.16015625,0.1932849702380952,0.103515625,0.12996651785714283,0.19921875,0.1481243799603175
P01563,Secreted,P01563__e52eb90420ceaffe,Secreted,Secreted,0.216796875,0.1780387581168831,0.18359375,0.2520430307539682,0.10546875,0.11662270021645024,0.11328125,0.15993303571428572,0.380859375,0.2933624751984127
P01588,Secreted,P01588__400768c3b0825478,Secreted,Secreted,0.154296875,0.1824469584235209,0.236328125,0.20145427489177486,0.169921875,0.19795696924603173,0.0859375,0.12341495310245307,0.353515625,0.2947268443362193
P01730,Membrane,P01730__b598cecf65abf705,Membrane,Cytoplasm,0.109375,0.26303943452380957,0.294921875,0.21573660714285708,0.208984375,0.1802610367063492,0.15625,0.15659102182539686,0.23046875,0.18437189980158727
P02655,Secreted,P02655__c62583092754e633,Secreted,Secreted,0.25,0.21451512896825395,0.16015625,0.1550626240079365,0.12890625,0.15051987942612943,0.185546875,0.17588045634920635,0.275390625,0.3040219112484737
P02776,Secreted,P02776__37f9b6a3c9e1e7d5,Secreted,Secreted,0.125,0.1539144232503607,0.2890625,0.21940442370129862,0.095703125,0.20254526289682545,0.048828125,0.06006098935786435,0.44140625,0.36407490079365074
P03971,Secreted,P03971__9fa684b46d688b88,Membrane,Membrane,0.234375,0.19784846230158729,0.291015625,0.2625961061507936,0.11328125,0.17308193108974357,0.158203125,0.17367001488095232,0.203125,0.1928034855769231
P03973,Secreted,P03973__b40fc18e239d0f71,Secreted,Secreted,0.107421875,0.12508990575396825,0.109375,0.15106336805555554,0.111328125,0.11852058531746032,0.06640625,0.14281994047619048,0.60546875,0.46250620039682533
P04141,Secreted,P04141__51ef60bb7308febe,Secreted,Secreted,0.150390625,0.1507595486111111,0.150390625,0.15494960768398264,0.107421875,0.18926852227633476,0.13671875,0.15844184027777777,0.455078125,0.34658048115079365
P04280,Secreted,P04280__0627c16e43512d3b,Nucleus,Nucleus,0.13671875,0.15524243551587294,0.03125,0.06907242063492063,0.064453125,0.10187251984126985,0.5859375,0.35709903161075024,0.181640625,0.31671359239718616
P05549,Nucleus,P05549__59608780f7b632de,Nucleus,Nucleus,0.18359375,0.1880394345238095,0.09375,0.17174479166666665,0.07421875,0.14275793650793653,0.541015625,0.3539775545634921,0.107421875,0.14348028273809527
P06276,Secreted,P06276__67540da68467479f,Membrane,Membrane,0.158203125,0.18758990575396828,0.470703125,0.4237416012806639,0.08984375,0.10861488771645021,0.111328125,0.12429315476190476,0.169921875,0.155760450487013
P06729,Membrane,P06729__4080fd6725910f5b,Nucleus,Nucleus,0.14453125,0.18092786120129864,0.095703125,0.15474330357142854,0.080078125,0.1198812905844156,0.556640625,0.38479352678571427,0.123046875,0.15965401785714284
P06850,Secreted,P06850__cb5e5922fab6c999,Secreted,Secreted,0.1015625,0.12871009199134198,0.068359375,0.11793831168831166,0.15625,0.1714815566378066,0.15234375,0.21294642857142854,0.521484375,0.36892361111111116
P07910,Nucleus,P07910__d8c81a767fda82bb,Nucleus,Nucleus,0.25,0.35156250000000006,0.046875,0.09326636904761906,0.021484375,0.09418712797619049,0.640625,0.3894996279761905,0.041015625,0.07148437500000002
P0C7P0,Mitochondrion,P0C7P0__71d8db29e0887e4b,Secreted,Secreted,0.15234375,0.1530722966269841,0.078125,0.06750896672771672,0.21484375,0.24764694940476192,0.123046875,0.15088045634920633,0.431640625,0.3808913308913309
P0DJI8,Secreted,P0DJI8__7f125296357f8831,Secreted,Secreted,0.203125,0.18210086354617602,0.099609375,0.10780431191615401,0.150390625,0.22831525428153712,0.265625,0.20377970553751806,0.28125,0.2779998647186147
P10588,Nucleus,P10588__5aad59d1ef387f90,Mitochondrion,Membrane,0.220703125,0.18578277191558437,0.189453125,0.264555431547619,0.27734375,0.2549572172619048,0.146484375,0.1285311259920635,0.166015625,0.1661734532828283
P11831,Nucleus,P11831__f4f34eb7c0c143a1,Nucleus,Nucleus,0.15625,0.11641075937950937,0.265625,0.20206895968614716,0.107421875,0.09997829861111113,0.291015625,0.382905505952381,0.1796875,0.19863647637085138
P12314,Membrane,P12314__3fe218549c0d053a,Membrane,Membrane,0.21875,0.1634508070054945,0.353515625,0.389632372835498,0.119140625,0.16005140692640688,0.166015625,0.15674293154761898,0.142578125,0.1301224816849817
P14384,Membrane,P14384__cf5f31c1d5c3dae3,Membrane,Membrane,0.201171875,0.2081196581196581,0.27734375,0.27915764790764785,0.12890625,0.1494543650793651,0.123046875,0.09660528273809524,0.26953125,0.2666630461552336
P15374,Cytoplasm,P15374__3a2e230ed99300f3,Cytoplasm,Cytoplasm,0.3515625,0.2722411052489177,0.1328125,0.14827008928571428,0.1015625,0.1426322375541126,0.265625,0.24690290178571428,0.1484375,0.1899536661255411
P16410,Membrane,P16410__0bf1f3a7b18a8a95,Membrane,Membrane,0.0625,0.09525049603174605,0.72265625,0.48682105654761915,0.056640625,0.13135850694444445,0.041015625,0.07643229166666668,0.1171875,0.21013764880952376
P18077,Cytoplasm,P18077__79663594cb309c06,Mitochondrion,Mitochondrion,0.318359375,0.2296874999999999,0.056640625,0.08085317460317461,0.361328125,0.4045789930555556,0.154296875,0.10497271825396824,0.109375,0.17990761408730158
P19387,Nucleus,P19387__9e8f00aab844baa3,Cytoplasm,Cytoplasm,0.375,0.3461064326298702,0.095703125,0.16566530257936507,0.111328125,0.11703192640692642,0.34375,0.27499098124098115,0.07421875,0.09620535714285716
P21291,Nucleus,P21291__65a6ea26fda762e2,Secreted,Secreted,0.197265625,0.20739425505050502,0.162109375,0.09488777281746032,0.109375,0.21706264655483407,0.228515625,0.18515625000000002,0.302734375,0.2954990755772006
P21462,Membrane,O00155__fe488629acdd126c,Membrane,Membrane,0.0078125,0.0884765625,0.943359375,0.6900204613095238,0.03125,0.07125186011904762,0.00390625,0.061718749999999996,0.013671875,0.08853236607142857
P21675,Nucleus,P21675__429a9fd10d9f414f,Nucleus,Nucleus,0.20703125,0.21286582341269844,0.01953125,0.08963913690476191,0.0078125,0.03648313492063492,0.7578125,0.6245721726190476,0.0078125,0.036439732142857145
P21815,Secreted,P21815__ecc5ac2c3ec2365f,Nucleus,Nucleus,0.23046875,0.25576467803030295,0.07421875,0.15449951524170275,0.041015625,0.09080847537878788,0.54296875,0.2953187003968254,0.111328125,0.2036086309523809
P22460,Membrane,P22460__7ad0211f6f185626,Membrane,Membrane,0.29296875,0.2036737351190476,0.359375,0.4096698006854257,0.12109375,0.1300750248015873,0.158203125,0.1505013866341991,0.068359375,0.10608005275974025
P22888,Membrane,P22888__8ab4a7858bf09b30,Membrane,Membrane,0.060546875,0.14677889384920634,0.82421875,0.5018446180555556,0.037109375,0.12484022054334556,0.02734375,0.1378999255952381,0.05078125,0.08863634195665444
P23229,Membrane,P23229__3bcf893bbd5bfc4d,Membrane,Membrane,0.255859375,0.26851963141025637,0.35546875,0.33510974702380963,0.0703125,0.1001144255050505,0.21484375,0.18623230068542568,0.103515625,0.11002389537545791
P23945,Membrane,P22888__8ab4a7858bf09b30,Membrane,Membrane,0.02734375,0.11694568452380955,0.904296875,0.6621496775793653,0.033203125,0.0823675022893773,0.013671875,0.06631324404761905,0.021484375,0.07222389155982906
P25089,Membrane,O00155__fe488629acdd126c,Membrane,Membrane,0.025390625,0.06558779761904762,0.923828125,0.7352027529761906,0.021484375,0.08525855654761906,0.005859375,0.036263020833333326,0.0234375,0.07768787202380951
P25090,Membrane,O00155__fe488629acdd126c,Membrane,Membrane,0.009765625,0.06041666666666666,0.947265625,0.7723121279761909,0.021484375,0.05304129464285714,0.009765625,0.030682663690476192,0.01171875,0.08354724702380954
P25929,Membrane,O00155__fe488629acdd126c,Membrane,Membrane,0.017578125,0.09375,0.93359375,0.7088851686507935,0.015625,0.04808407738095238,0.005859375,0.06369047619047617,0.02734375,0.08559027777777778
P28069,Nucleus,P28069__9be83bf755658249,Nucleus,Nucleus,0.244140625,0.24697420634920633,0.09375,0.11981956845238097,0.1484375,0.19764384920634923,0.435546875,0.3091331845238095,0.078125,0.12642919146825396
P29083,Nucleus,P29083__df85993a33a1fc38,Nucleus,Nucleus,0.263671875,0.2687657828282828,0.08984375,0.10717695932539681,0.04296875,0.14787326388888888,0.55859375,0.36219674422799436,0.044921875,0.11398724972943722
P29218,Cytoplasm,O14732__9dae2591785e6506,Membrane,Cytoplasm,0.298828125,0.25812900207431455,0.30078125,0.24929625496031743,0.1640625,0.19415246212121212,0.142578125,0.2081693046536796,0.09375,0.09025297619047618
P29376,Membrane,P29376__f8ee24a43bff7006,Membrane,Membrane,0.2578125,0.1776010664682539,0.412109375,0.44459015376984123,0.0546875,0.09899553571428572,0.142578125,0.14830109126984126,0.1328125,0.13051215277777778
P30050,Cytoplasm,P30050__aca6aa1465260bf1,Mitochondrion,Mitochondrion,0.212890625,0.21719680059523808,0.08984375,0.08446800595238096,0.3828125,0.33220176091269843,0.1796875,0.18140190972222223,0.134765625,0.18473152281746033
P30550,Membrane,O00155__fe488629acdd126c,Membrane,Membrane,0.0390625,0.10351562500000001,0.8671875,0.6226283482142857,0.03515625,0.08031374007936508,0.025390625,0.06659846230158731,0.033203125,0.12694382440476193
P30556,Membrane,O00155__fe488629acdd126c,Membrane,Membrane,0.00390625,0.08650173611111112,0.951171875,0.7378100198412698,0.01953125,0.05868675595238095,0.0078125,0.03337673611111111,0.017578125,0.08362475198412699
P32246,Membrane,O00155__fe488629acdd126c,Membrane,Membrane,0.005859375,0.07699962797619048,0.96484375,0.7099764384920635,0.021484375,0.09168836805555555,0.005859375,0.0398530505952381,0.001953125,0.08148251488095239
P32249,Membrane,O00155__fe488629acdd126c,Membrane,Membrane,0.04296875,0.08738219246031745,0.8984375,0.6118861607142856,0.01171875,0.10424107142857146,0.015625,0.0836030505952381,0.03125,0.1128875248015873
P35030,Secreted,P35030__6e3d05ad65e33297,Secreted,Secreted,0.142578125,0.1755363343253968,0.228515625,0.22542472718253972,0.1015625,0.19912179834054833,0.09375,0.09964347718253967,0.43359375,0.30027366296897545
P35414,Membrane,O00155__fe488629acdd126c,Membrane,Membrane,0.0234375,0.10478050595238093,0.90625,0.6510850694444446,0.037109375,0.04753534226190476,0.001953125,0.08070126488095238,0.03125,0.11589781746031745
P35590,Membrane,P35590__cc60094ef6b722f9,Membrane,Membrane,0.240234375,0.2474795386904762,0.419921875,0.38670663104256847,0.068359375,0.10642361111111112,0.095703125,0.1480491296897547,0.17578125,0.11134108946608946
P41143,Membrane,O00155__fe488629acdd126c,Membrane,Membrane,0.021484375,0.06341145833333334,0.927734375,0.6982607886904763,0.017578125,0.09129774305555557,0.013671875,0.06831907242063491,0.01953125,0.07871093750000001
P41145,Membrane,O00155__fe488629acdd126c,Membrane,Membrane,0.01953125,0.09714471726190475,0.904296875,0.6109933035714284,0.025390625,0.09516989087301589,0.0078125,0.10322730654761904,0.04296875,0.09346478174603173
P41597,Membrane,O00155__fe488629acdd126c,Membrane,Membrane,0.009765625,0.07128930097680097,0.9609375,0.6554191468253968,0.015625,0.12829861111111113,0.005859375,0.04851190476190476,0.0078125,0.09648103632478632
P42766,Cytoplasm,P42766__e5524cc2f2b08493,Cytoplasm,Mitochondrion,0.537109375,0.3543912901334777,0.009765625,0.03757440476190477,0.263671875,0.40342684659090916,0.14453125,0.1258683373917749,0.044921875,0.07873912112193361
P43657,Membrane,O00155__fe488629acdd126c,Membrane,Membrane,0.03515625,0.055915178571428574,0.890625,0.7340959821428574,0.0390625,0.048530505952380946,0.009765625,0.059319196428571426,0.025390625,0.10213913690476192
P46091,Membrane,O00155__fe488629acdd126c,Membrane,Membrane,0.01171875,0.0650359623015873,0.953125,0.7682260664682539,0.013671875,0.07254607371794872,0.00390625,0.0249968998015873,0.017578125,0.06919499771062271
P47211,Membrane,O00155__fe488629acdd126c,Membrane,Membrane,0.0234375,0.0706630608974359,0.888671875,0.7201760912698413,0.0703125,0.09520399305555556,0.005859375,0.03661644345238095,0.01171875,0.07734041132478632
P47900,Membrane,O00155__fe488629acdd126c,Membrane,Membrane,0.02734375,0.11689326298701297,0.88671875,0.6705853174603174,0.029296875,0.09582205988455988,0.017578125,0.03843738726551226,0.0390625,0.07826197240259739
P47901,Membrane,P47901__60136b71ec5806c0,Membrane,Membrane,0.0234375,0.14481026785714282,0.8671875,0.5166790674603173,0.0390625,0.08944692460317459,0.02734375,0.07862103174603174,0.04296875,0.17044270833333333
P47914,Cytoplasm,P47914__b2b85d74d504b25e,Cytoplasm,Mitochondrion,0.505859375,0.2602853309884559,0.0234375,0.04481364989177489,0.181640625,0.3108810460372961,0.212890625,0.23176857864357858,0.076171875,0.15225139443889446
P48163,Cytoplasm,P48163__a6ee1852f76a0ddd,Cytoplasm,Membrane,0.322265625,0.28414248511904755,0.28515625,0.28457031250000003,0.150390625,0.18718615050186743,0.16796875,0.16815549136321195,0.07421875,0.075945560515873
P49019,Membrane,O00155__fe488629acdd126c,Membrane,Membrane,0.01171875,0.07742125496031747,0.970703125,0.7167289524711399,0.005859375,0.0712417140151515,0.001953125,0.05624379960317461,0.009765625,0.07836427895021644
P49116,Nucleus,P49116__dd9b34fd49b5e109,Membrane,Membrane,0.21875,0.2154854910714286,0.3671875,0.290780009920635,0.111328125,0.1468718998015873,0.185546875,0.24989515692640693,0.1171875,0.09696744227994226
P49146,Membrane,O00155__fe488629acdd126c,Membrane,Membrane,0.0390625,0.12692522321428573,0.8828125,0.5773158482142856,0.048828125,0.1691902281746032,0.001953125,0.06189856150793652,0.02734375,0.0646701388888889
P49238,Membrane,O00155__fe488629acdd126c,Membrane,Membrane,0.029296875,0.06999627976190476,0.923828125,0.712992931547619,0.015625,0.07424665178571428,0.005859375,0.04547991071428572,0.025390625,0.09728422619047618
P49590,Mitochondrion,P49590__0a57a0354fdb6438,Mitochondrion,Mitochondrion,0.251953125,0.22388702876984123,0.15625,0.23129650297619048,0.380859375,0.3041790674603174,0.173828125,0.15065724206349201,0.037109375,0.08998015873015873
P49685,Membrane,O00155__fe488629acdd126c,Membrane,Membrane,0.021484375,0.07877914186507935,0.890625,0.6187251984126984,0.02734375,0.0726624503968254,0.01171875,0.06688988095238095,0.048828125,0.1629433283730159
P49753,Mitochondrion,P49753__daf0e72dade89cea,Mitochondrion,Mitochondrion,0.1328125,0.20161294868326116,0.154296875,0.17998511904761905,0.482421875,0.3129737666847041,0.12890625,0.13796502976190478,0.1015625,0.16746313582251085
P50391,Membrane,O00155__fe488629acdd126c,Membrane,Membrane,0.025390625,0.06575520833333334,0.91015625,0.7597599882756134,0.025390625,0.03917748917748917,0.0078125,0.028125,0.03125,0.1071823142135642
P50579,Cytoplasm,P50579__9fe72522f21ef73d,Nucleus,Nucleus,0.240234375,0.2567680149711399,0.06640625,0.12629898313492063,0.033203125,0.14693672213203465,0.587890625,0.3596044146825397,0.072265625,0.11039186507936508
P50895,Membrane,P50895__feca7ec085611270,Membrane,Membrane,0.271484375,0.232328869047619,0.328125,0.28441840277777763,0.076171875,0.12159598214285713,0.224609375,0.17698102678571423,0.099609375,0.1846757192460317
P51531,Nucleus,P51531__9dc4aca193895371,Nucleus,Nucleus,0.181640625,0.24939546130952372,0.05859375,0.0779389880952381,0.009765625,0.040625,0.73828125,0.5926990327380954,0.01171875,0.03934151785714285
P51532,Nucleus,P51531__9dc4aca193895371,Nucleus,Nucleus,0.134765625,0.19298115079365077,0.052734375,0.08121589781746032,0.013671875,0.07530691964285713,0.79296875,0.6291852678571429,0.005859375,0.02131076388888889
P51677,Membrane,O00155__fe488629acdd126c,Membrane,Membrane,0.015625,0.083984375,0.919921875,0.7143262987012988,0.037109375,0.0905472132034632,0.005859375,0.039397321428571434,0.021484375,0.07174479166666667
P51681,Membrane,O00155__fe488629acdd126c,Membrane,Membrane,0.013671875,0.07682911706349206,0.94140625,0.7385292658730159,0.013671875,0.05954861111111111,0.009765625,0.038355654761904764,0.021484375,0.08673735119047618
P51685,Membrane,O00155__fe488629acdd126c,Membrane,Membrane,0.037109375,0.07676711309523811,0.884765625,0.6831039186507936,0.04296875,0.07592724116161617,0.0078125,0.07808469742063492,0.02734375,0.08611702967171714
P51864,Membrane,P51864__63cd9de96d5ab525,Secreted,Secreted,0.0859375,0.15055183531746036,0.251953125,0.22976357409951156,0.111328125,0.07299107142857143,0.103515625,0.18100770757020754,0.447265625,0.3656858115842492
P54920,Membrane,P54920__5aa777c73f3504c6,Cytoplasm,Cytoplasm,0.3984375,0.3432821518759019,0.14453125,0.13763359036796535,0.115234375,0.14716399817502757,0.205078125,0.19849093283146582,0.13671875,0.17342932674963923
P55808,Membrane,P55808__3dec64f825ccbcf7,Nucleus,Secreted,0.19921875,0.20549975198412695,0.11328125,0.11365947420634921,0.08984375,0.17021329365079363,0.404296875,0.2550564236111111,0.193359375,0.255571056547619
P56277,Mitochondrion,P56277__6c14ce5cf148a90d,Nucleus,Secreted,0.240234375,0.21095252403846146,0.0703125,0.0892113095238095,0.255859375,0.21343769078144073,0.27734375,0.18926925938644687,0.15625,0.29712921626984123
P60866,Cytoplasm,P60866__df15d723ac75d079,Mitochondrion,Mitochondrion,0.24609375,0.19742382183788423,0.0859375,0.09263392857142859,0.3515625,0.3129937553765678,0.2109375,0.25381352588383843,0.10546875,0.14313496833028078
P61964,Nucleus,P61964__90075634f6e58f79,Membrane,Secreted,0.17578125,0.12602306547619047,0.2421875,0.18481551001082247,0.171875,0.1595517113095238,0.1796875,0.2536334325396825,0.23046875,0.27597628066378066
P62068,Cytoplasm,P62068__5a493265982c1b4b,Cytoplasm,Membrane,0.33984375,0.24750744047619036,0.140625,0.2734871031746032,0.064453125,0.13556547619047618,0.294921875,0.21444072420634924,0.16015625,0.12899925595238093
P62269,Cytoplasm,P62269__500b8e83a65787b4,Cytoplasm,Mitochondrion,0.4296875,0.30085565476190473,0.033203125,0.04940786210317461,0.248046875,0.32187810019841273,0.205078125,0.1816747271825397,0.083984375,0.14618365575396827
P62310,Nucleus,P62310__01bd9cf6dde1b1e7,Cytoplasm,Mitochondrion,0.3125,0.2674019773629149,0.07421875,0.1181643443362193,0.21875,0.2788608743686868,0.306640625,0.18441304788961038,0.087890625,0.15115975604256854
P62945,Cytoplasm,P62945__3b8e848e1647d980,Cytoplasm,Mitochondrion,0.404296875,0.25877666170634916,0.017578125,0.04069940476190476,0.318359375,0.3254371279761905,0.158203125,0.2293777619949495,0.1015625,0.14570904356060604
P78358,Cytoplasm,P78358__8bc781a703ce6e26,Secreted,Secreted,0.130859375,0.10327690972222223,0.12890625,0.11383928571428571,0.23828125,0.19171006944444444,0.171875,0.19792596726190476,0.330078125,0.3932477678571429
P82663,Mitochondrion,P82663__5503484d63010153,Nucleus,Mitochondrion,0.29296875,0.2492536976911977,0.0546875,0.11053757440476189,0.228515625,0.2642719043109668,0.326171875,0.2441910736832612,0.09765625,0.1317457499098124
P82932,Mitochondrion,P82932__b49112bcc6072ade,Mitochondrion,Mitochondrion,0.189453125,0.25881160939754694,0.0703125,0.09422771239177487,0.435546875,0.3200743483946609,0.1875,0.18360953282828288,0.1171875,0.1432767969877345
P82933,Mitochondrion,P82933__22166cebd7514db5,Mitochondrion,Mitochondrion,0.12890625,0.2230637851731601,0.056640625,0.13631290584415587,0.59375,0.30573452155483405,0.173828125,0.24416570842352092,0.046875,0.090723079004329
Q00604,Secreted,Q00604__f98be54613ca1de5,Secreted,Secreted,0.125,0.1312309218559219,0.142578125,0.12812452304639804,0.1328125,0.19368827786796536,0.08984375,0.14609685019841268,0.509765625,0.40085942703130206
Q06278,Cytoplasm,Q06278__0027ca265a312088,Membrane,Membrane,0.2421875,0.29416852678571426,0.37109375,0.3146856398809524,0.20703125,0.15273437499999998,0.107421875,0.1462797619047619,0.072265625,0.09213169642857141
Q08722,Membrane,Q08722__caa66c8069880514,Membrane,Membrane,0.037109375,0.1403521825396825,0.84765625,0.5684926835317463,0.044921875,0.07645089285714285,0.021484375,0.0724516369047619,0.048828125,0.14225260416666669
Q13064,Nucleus,Q13064__c5223deb8fb3799b,Cytoplasm,Nucleus,0.259765625,0.18865665584415584,0.24609375,0.199738455988456,0.0546875,0.1166232638888889,0.251953125,0.29510168650793656,0.1875,0.19987993777056273
Q13105,Nucleus,Q13105__7820060a22a75318,Nucleus,Nucleus,0.197265625,0.2469029017857143,0.056640625,0.0761439732142857,0.021484375,0.0797061011904762,0.671875,0.4833987193362193,0.052734375,0.11384830447330448
Q13201,Secreted,Q13201__dbaf6de802c8a317,Nucleus,Cytoplasm,0.314453125,0.33257688492063486,0.18359375,0.23467571924603167,0.046875,0.0973006810897436,0.40234375,0.29189202724358976,0.052734375,0.0435546875
Q13319,Membrane,Q13319__f6c7f7b87ad80143,Nucleus,Nucleus,0.134765625,0.1916855496933622,0.138671875,0.1256403102106227,0.2265625,0.18574190566378065,0.3046875,0.2630792601495726,0.1953125,0.2338529742826618
Q13387,Cytoplasm,Q13387__26e7a498aacb1906,Nucleus,Nucleus,0.30859375,0.30389408768315007,0.10546875,0.07189360119047619,0.01171875,0.05201822916666668,0.537109375,0.4834077380952382,0.037109375,0.08878634386446885
Q13822,Secreted,Q13822__0cf59f4757410f8f,Membrane,Membrane,0.19921875,0.210772343975469,0.294921875,0.27412602588383833,0.046875,0.07665550595238095,0.275390625,0.2532087053571428,0.18359375,0.18523741883116882
Q13873,Membrane,Q13873__8cf7ac731c31e2b6,Nucleus,Nucleus,0.22265625,0.2559430803571428,0.154296875,0.23910900297619045,0.02734375,0.0787109375,0.53125,0.3346726190476191,0.064453125,0.09156436011904763
Q13887,Nucleus,Q13887__a84b10021350800c,Nucleus,Nucleus,0.16015625,0.1474888392857142,0.080078125,0.09832589285714285,0.083984375,0.10703697344322347,0.58203125,0.5199125744047618,0.09375,0.1272357200091575
Q13888,Nucleus,Q13888__9c510e500aee0285,Membrane,Cytoplasm,0.23046875,0.23465401785714282,0.265625,0.22571304563492062,0.107421875,0.14616139069264072,0.173828125,0.2177647005772005,0.22265625,0.17570684523809527
Q14241,Nucleus,Q14241__e7464f69234ee4b0,Nucleus,Nucleus,0.087890625,0.09780505952380952,0.029296875,0.06436011904761904,0.013671875,0.057366071428571426,0.8515625,0.7555803571428573,0.017578125,0.024888392857142855
Q14249,Mitochondrion,Q14249__7c2ec16c1ddb0bb2,Mitochondrion,Mitochondrion,0.1484375,0.22263990349927848,0.15625,0.17085869859307354,0.44921875,0.3612757034632035,0.14453125,0.12446676587301587,0.1015625,0.12075892857142856
Q14508,Secreted,P03973__b40fc18e239d0f71,Secreted,Secreted,0.123046875,0.08997818587662337,0.177734375,0.16484374999999996,0.064453125,0.11331845238095235,0.08203125,0.09486607142857142,0.552734375,0.5369935403138528
Q14627,Membrane,Q14627__19976f696e7fa9e9,Membrane,Membrane,0.158203125,0.1782149057539682,0.4140625,0.3266834077380954,0.06640625,0.12369171626984128,0.1015625,0.1392020089285714,0.259765625,0.23220796130952379
Q14894,Cytoplasm,Q14894__c5cb8765e4ef8723,Membrane,Membrane,0.271484375,0.2662202380952381,0.326171875,0.32255760732323235,0.150390625,0.13862452651515153,0.15234375,0.14931852002164503,0.099609375,0.12327910804473306
Q14CX7,Cytoplasm,Q14CX7__b5988cc6ef872435,Cytoplasm,Cytoplasm,0.60546875,0.40893448998917764,0.154296875,0.2008032332251082,0.044921875,0.10226004464285715,0.1484375,0.2152994791666666,0.046875,0.0727027529761905
Q15116,Membrane,Q15116__c0f5745899a44e73,Membrane,Secreted,0.19921875,0.14974888392857144,0.248046875,0.24273313492063478,0.15625,0.18382936507936504,0.203125,0.17881944444444448,0.193359375,0.24486917162698407
Q15389,Secreted,O15123__58a48a0d320451b3,Cytoplasm,Cytoplasm,0.34765625,0.3201326884920635,0.123046875,0.14897538442460315,0.091796875,0.12467912946428572,0.27734375,0.2615885416666666,0.16015625,0.14462425595238096
Q15406,Nucleus,Q15406__87b5367a8f068022,Cytoplasm,Nucleus,0.39453125,0.3393976032647908,0.166015625,0.17786458333333335,0.033203125,0.07234312996031746,0.310546875,0.34530629960317455,0.095703125,0.06508838383838383
Q15543,Nucleus,Q15543__da5d3ee89cf9e4c8,Nucleus,Cytoplasm,0.32421875,0.3026515151515151,0.0625,0.10484561011904758,0.16796875,0.2234487734487734,0.375,0.2775982481060606,0.0703125,0.09145585317460317
Q15760,Membrane,Q15760__087b6ba13429f89d,Membrane,Membrane,0.05859375,0.07178819444444444,0.734375,0.5698660714285714,0.1015625,0.17242373511904763,0.046875,0.08752790178571429,0.05859375,0.09839409722222221
Q15910,Nucleus,Q15910__4c4d28512cf71210,Nucleus,Nucleus,0.16796875,0.2274863591269842,0.09375,0.15597098214285707,0.015625,0.07495349702380953,0.646484375,0.4610739087301587,0.076171875,0.08051525297619049
Q16548,Cytoplasm,Q16548__fe76404c5e0db4b1,Membrane,Membrane,0.25,0.24686316287878787,0.275390625,0.26082025613275606,0.10546875,0.16858540764790766,0.189453125,0.13933869949494948,0.1796875,0.18439247384559884
Q16552,Secreted,Q16552__7cab4b9fcd5f2e20,Secreted,Secreted,0.130859375,0.1521639384920635,0.181640625,0.1681609623015873,0.125,0.16060983287545788,0.125,0.15453559027777775,0.4375,0.3645296760531136
Q16613,Cytoplasm,Q16613__0408b42163a62f57,Secreted,Secreted,0.185546875,0.18876798115079363,0.171875,0.20975068768037516,0.220703125,0.1805082070707071,0.13671875,0.1144190228174603,0.28515625,0.3065541012806638
Q16670,Nucleus,Q16670__6ac67f9665206358,Nucleus,Nucleus,0.19140625,0.2851903521825398,0.056640625,0.09959697420634918,0.095703125,0.13856336805555555,0.595703125,0.3907118055555556,0.060546875,0.0859375
Q16832,Membrane,Q16832__39060bb69c4e8f76,Membrane,Membrane,0.283203125,0.3085379464285714,0.40234375,0.36084449404761915,0.08984375,0.12531622023809524,0.10546875,0.10252976190476189,0.119140625,0.10277157738095238
Q17RH7,Nucleus,Q17RH7__ae356899381efb6d,Mitochondrion,Mitochondrion,0.193359375,0.13789973047785548,0.048828125,0.07901380303724054,0.330078125,0.33537865529025074,0.294921875,0.2770823794261294,0.1328125,0.17062543176852385
Q1L6U9,Secreted,Q1L6U9__5a9d3912a38fea19,Secreted,Secreted,0.111328125,0.09773995535714285,0.1953125,0.1681919642857143,0.099609375,0.1329703282828283,0.0859375,0.1580018939393939,0.5078125,0.4430958581349207
Q1T7F1,Cytoplasm,Q1T7F1__e70b15c4c8fd6776,Secreted,Secreted,0.125,0.1318204365079365,0.177734375,0.13222064393939395,0.19140625,0.1657487261002886,0.107421875,0.13661418876262627,0.3984375,0.4335960046897547
Q29RF7,Nucleus,Q29RF7__2e06147776f1617f,Cytoplasm,Cytoplasm,0.392578125,0.32725694444444436,0.201171875,0.20566096230158729,0.130859375,0.11546999007936508,0.224609375,0.27434332160894653,0.05078125,0.07726878156565657
Q2M1K9,Nucleus,Q2M1K9__fc69ab8443fc959c,Nucleus,Nucleus,0.08984375,0.14788876488095234,0.048828125,0.11713789682539684,0.029296875,0.029557291666666673,0.748046875,0.5391834077380953,0.083984375,0.1662326388888889
Q2WEN9,Secreted,Q2WEN9__1a48ac434547511d,Membrane,Membrane,0.162109375,0.1347191220238095,0.41796875,0.44228670634920647,0.0859375,0.13393477182539681,0.09375,0.11884610615079366,0.240234375,0.1702132936507936
Q32NC0,Nucleus,Q32NC0__f80f8e2ceeddd2e7,Nucleus,Secreted,0.205078125,0.1442761665417915,0.083984375,0.10218366702741705,0.107421875,0.16203497023809524,0.390625,0.2843106112637362,0.212890625,0.30719458492895985
Q3BBV0,Cytoplasm,Q3BBV0__7543c3335264b2cb,Nucleus,Nucleus,0.337890625,0.3169177827380953,0.0859375,0.08853913014069265,0.015625,0.07882367198773448,0.529296875,0.43688616071428577,0.03125,0.07883325441919191
Q3MHD2,Cytoplasm,Q3MHD2__52bd9529a7fc22b6,Nucleus,Nucleus,0.220703125,0.21054997519841268,0.095703125,0.11605282738095236,0.158203125,0.20235981466450215,0.3984375,0.3285517000360751,0.126953125,0.1424856827200577
Q53GS9,Nucleus,Q53GS9__b218b33f1b2b465a,Nucleus,Nucleus,0.2265625,0.21627604166666659,0.099609375,0.19716360028860033,0.162109375,0.11863529265873016,0.4609375,0.35311795409451663,0.05078125,0.1148071112914863
Q53HV7,Nucleus,Q53HV7__23a86ad5d22d80e2,Cytoplasm,Secreted,0.25,0.19256130154567644,0.189453125,0.22071307598651346,0.134765625,0.18460612737956486,0.17578125,0.13919270833333336,0.25,0.26292678675491177
Q53QW1,Cytoplasm,Q53QW1__def04a85eedc2a94,Nucleus,Nucleus,0.17578125,0.2174231150793651,0.1953125,0.22514260912698408,0.103515625,0.08170262896825398,0.39453125,0.36295572916666674,0.130859375,0.11277591765873017
Q53R41,Mitochondrion,Q53R41__bc8daaf151990447,Membrane,Cytoplasm,0.30859375,0.3162884424603174,0.373046875,0.3033420138888889,0.142578125,0.16174665178571426,0.107421875,0.13214285714285712,0.068359375,0.08648003472222221
Q58A44,Cytoplasm,Q58A44__b84bd8d8b1287378,Secreted,Secreted,0.107421875,0.10983072916666665,0.259765625,0.2017626037157286,0.123046875,0.20562686011904754,0.146484375,0.11685662427849927,0.36328125,0.3659231827200577
Q5JT25,Cytoplasm,Q5JT25__e46eff699a3feef7,Cytoplasm,Cytoplasm,0.271484375,0.25647067775974025,0.2421875,0.23132750496031748,0.126953125,0.21553143037518036,0.203125,0.16331225198412697,0.15625,0.13335813492063492
Q5SQ64,Membrane,Q5SQ64__2b177aaed631e01a,Secreted,Secreted,0.154296875,0.13311011904761905,0.27734375,0.28936011904761916,0.1484375,0.14883319805194806,0.111328125,0.07298205266955267,0.30859375,0.35571451118326114
Q5SXM8,Mitochondrion,Q5SXM8__2fd63fe1dbcca3c7,Mitochondrion,Mitochondrion,0.12109375,0.1650638640873016,0.087890625,0.14282924107142858,0.384765625,0.27693142361111106,0.177734375,0.1419177827380952,0.228515625,0.27325768849206356
Q5SZB4,Cytoplasm,Q5SZB4__0686a231ba09aa69,Nucleus,Nucleus,0.1796875,0.24644884195665448,0.10546875,0.17620287698412693,0.16796875,0.15470920138888888,0.330078125,0.27736616681929177,0.216796875,0.14527291285103786
Q5T6S3,Nucleus,Q5T6S3__af73fe5aa7102fec,Nucleus,Membrane,0.18359375,0.1851841517857143,0.189453125,0.2312635281385281,0.09375,0.16505625450937955,0.296875,0.2120724544552669,0.236328125,0.20642361111111102
Q5VU97,Membrane,Q5VU97__d6f7ab5006cf5f25,Membrane,Membrane,0.1796875,0.2777281746031746,0.48046875,0.3714192708333334,0.080078125,0.09141555059523808,0.171875,0.14678199404761902,0.087890625,0.11265500992063492
Q5VV67,Nucleus,Q5VV67__1335aa13020a0f97,Nucleus,Nucleus,0.2421875,0.2564360119047619,0.072265625,0.15347842261904762,0.021484375,0.07829861111111112,0.650390625,0.44757564484126994,0.013671875,0.06421130952380953
Q5VVQ6,Cytoplasm,Q5VVQ6__c7fbad6b1a043280,Membrane,Nucleus,0.216796875,0.1565941220238095,0.287109375,0.25652281746031746,0.12890625,0.12170138888888891,0.212890625,0.2599640376984127,0.154296875,0.20521763392857145
Q5VVY1,Nucleus,Q5VVY1__c2368b72a949a752,Cytoplasm,Cytoplasm,0.2578125,0.27627728174603167,0.19921875,0.22266655470808427,0.189453125,0.14409689018036057,0.19140625,0.20801334082584083,0.162109375,0.14894593253968252
Q5VYS4,Cytoplasm,Q5VYS4__eec3959eed1d83dc,Cytoplasm,Membrane,0.298828125,0.2448040674603174,0.259765625,0.279563492063492,0.14453125,0.14423053075396824,0.1953125,0.17467757936507936,0.1015625,0.15672433035714284
Q5VYX0,Secreted,Q5VYX0__87376db5d674c711,Membrane,Cytoplasm,0.208984375,0.23809523809523805,0.3203125,0.22795815295815297,0.142578125,0.15881076388888893,0.154296875,0.18722718253968257,0.173828125,0.18790866251803748
Q68D06,Cytoplasm,Q68D06__97eea6d24965e0f3,Cytoplasm,Cytoplasm,0.4765625,0.36776413690476184,0.27734375,0.30846354166666673,0.06640625,0.13641183035714285,0.123046875,0.1316778273809524,0.056640625,0.0556826636904762
Q6FHJ7,Secreted,Q6FHJ7__29bedaa425c991df,Secreted,Membrane,0.15234375,0.17259114583333338,0.21484375,0.2408885168650793,0.14453125,0.2177582183441558,0.154296875,0.18244047619047618,0.333984375,0.18632164276695531
Q6UWE0,Cytoplasm,Q6UWE0__55a25f39b4108fac,Cytoplasm,Cytoplasm,0.416015625,0.3613839285714286,0.072265625,0.10768229166666667,0.072265625,0.11534598214285714,0.40234375,0.3507130456349206,0.037109375,0.06487475198412697
Q6UWK7,Secreted,Q6UWK7__d24b2286578a0b99,Secreted,Secreted,0.06640625,0.0705016121031746,0.111328125,0.09613095238095237,0.150390625,0.21987114448051942,0.064453125,0.09403860028860028,0.607421875,0.5194576907467532
Q6UX73,Secreted,Q6UX73__c5c9b7c57e192468,Cytoplasm,Cytoplasm,0.255859375,0.26550747429653676,0.25,0.24937996031746026,0.103515625,0.10556795634920636,0.154296875,0.16419270833333333,0.236328125,0.2153519007034632
Q6UXH0,Secreted,Q6UXH0__d5927806aba55f46,Secreted,Cytoplasm,0.263671875,0.280825836489899,0.099609375,0.11277394480519481,0.123046875,0.21456501397907643,0.158203125,0.14802573728354973,0.35546875,0.2438094674422799
Q6UXV0,Membrane,Q6UXV0__9674ae254efaa5e9,Secreted,Membrane,0.115234375,0.16787264384920633,0.34765625,0.29281684027777777,0.0625,0.08413783482142856,0.095703125,0.17656249999999998,0.37890625,0.27861018105158725
Q6WRI0,Secreted,Q6WRI0__77504e631c728b1b,Membrane,Membrane,0.109375,0.14692150297619044,0.369140625,0.3792317708333333,0.0859375,0.06236979166666666,0.349609375,0.30796130952380946,0.0859375,0.10351562499999999
Q6X4U4,Secreted,Q6X4U4__14d5df1209ec9a18,Secreted,Nucleus,0.169921875,0.1446152371933622,0.119140625,0.13169755591630594,0.109375,0.13245569534632035,0.28125,0.3141183035714285,0.3203125,0.277113207972583
Q6ZN18,Nucleus,Q6ZN18__019839260589fe81,Nucleus,Nucleus,0.216796875,0.24032456259018758,0.09375,0.14704917478354979,0.001953125,0.05142721861471862,0.650390625,0.4102492559523811,0.037109375,0.15094978805916304
Q6ZTQ4,Membrane,Q6ZTQ4__a6f40bdcad811044,Membrane,Membrane,0.25,0.2030877976190476,0.439453125,0.4597873263888888,0.076171875,0.09812748015873017,0.126953125,0.149321056547619,0.107421875,0.08967633928571431
Q6ZTU2,Nucleus,Q6ZTU2__27014c45127066c5,Nucleus,Nucleus,0.19140625,0.19243861607142854,0.109375,0.1365637400793651,0.09765625,0.10276382688492064,0.46484375,0.3781994047619047,0.13671875,0.19003441220238096
Q6ZWK4,Membrane,Q6ZWK4__db6ea04a47120a37,Cytoplasm,Cytoplasm,0.28125,0.26297695360195356,0.158203125,0.12938988095238096,0.150390625,0.17588769737207238,0.279296875,0.21816406249999998,0.130859375,0.2135814055735931
Q7L513,Cytoplasm,Q7L513__f2ec8a213e90f3a0,Membrane,Membrane,0.2421875,0.18649863591269839,0.310546875,0.31355716765873015,0.087890625,0.13337363591269843,0.154296875,0.16817956349206348,0.205078125,0.1983909970238095
Q7L5Y1,Mitochondrion,Q7L5Y1__fc9e3ce3513d1baa,Mitochondrion,Cytoplasm,0.25,0.27014537112193354,0.171875,0.16577380952380952,0.251953125,0.2573905911796536,0.1640625,0.1269624255952381,0.162109375,0.1797278025793651
Q7Z418,Membrane,Q7Z418__f361d925fefd6f05,Membrane,Membrane,0.064453125,0.1679749503968254,0.818359375,0.5309067234848486,0.033203125,0.11985377903346651,0.029296875,0.09308035714285715,0.0546875,0.08818418994200243
Q7Z443,Membrane,Q7Z443__8a2737d189f1a5a8,Membrane,Membrane,0.10546875,0.15387214781746028,0.576171875,0.550936259920635,0.099609375,0.12201760912698414,0.13671875,0.11443142361111112,0.08203125,0.058742559523809516
Q7Z589,Nucleus,Q7Z589__524645842dd550ba,Nucleus,Nucleus,0.109375,0.18256138392857138,0.15625,0.16929619859307357,0.119140625,0.07179185831529582,0.5234375,0.4929292929292929,0.091796875,0.08342126623376624
Q7Z6A9,Membrane,Q7Z6A9__8549aa9f6789e384,Membrane,Membrane,0.263671875,0.19484126984126982,0.337890625,0.2994926948051948,0.052734375,0.09803024666305918,0.14453125,0.13714657738095234,0.201171875,0.2704892113095238
Q7Z7G1,Cytoplasm,Q7Z7G1__3d771fd9722b4ef0,Nucleus,Nucleus,0.181640625,0.21402839781746028,0.08984375,0.14240141369047624,0.119140625,0.12744295634920635,0.525390625,0.39896763392857143,0.083984375,0.11715959821428573
Q86TM3,Nucleus,Q86TM3__e5aa0a6242b0129b,Nucleus,Nucleus,0.216796875,0.24606584821428568,0.193359375,0.12724716689560436,0.224609375,0.19287593916500168,0.24609375,0.32159936417748924,0.119140625,0.11221168154761905
Q86VZ2,Nucleus,P61964__90075634f6e58f79,Membrane,Secreted,0.16015625,0.16356956845238096,0.302734375,0.2500253652597403,0.125,0.15187657394688647,0.1484375,0.18194349053724052,0.263671875,0.25258500180375176
Q86WA6,Mitochondrion,Q86WA6__3983ea3943466eb3,Mitochondrion,Mitochondrion,0.1875,0.20421345147907644,0.126953125,0.14690938401875903,0.39453125,0.29715035398629147,0.12890625,0.20076884920634921,0.162109375,0.15095796130952382
Q86Y34,Membrane,Q86Y34__3b58c23fbe3b58df,Membrane,Membrane,0.013671875,0.06649925595238096,0.95703125,0.7073973552489178,0.01171875,0.048481466450216455,0.009765625,0.05716145833333333,0.0078125,0.12046046401515152
Q86YD5,Membrane,Q86YD5__7533f65ae4d87915,Membrane,Membrane,0.16015625,0.16912878787878785,0.296875,0.26221900928932174,0.04296875,0.10455390963203465,0.21875,0.22350739538239534,0.28125,0.24059089781746032
Q86Z20,Cytoplasm,Q86Z20__ba6115b0ff93f97d,Nucleus,Nucleus,0.259765625,0.2825272817460318,0.091796875,0.11802934478715726,0.037109375,0.12638325216450216,0.578125,0.3715855542027417,0.033203125,0.1014745670995671
Q8IU54,Secreted,Q8IU54__44e9d65a85e80ee6,Mitochondrion,Mitochondrion,0.115234375,0.15340993641774892,0.134765625,0.12806074134199133,0.400390625,0.320076039411977,0.09765625,0.11728980654761904,0.251953125,0.2811634762806638
Q8IUI8,Cytoplasm,Q8IUI8__756adce6e5d9620e,Cytoplasm,Cytoplasm,0.416015625,0.3705824557387057,0.15625,0.20961371527777778,0.091796875,0.1251798115079365,0.220703125,0.1584945436507936,0.115234375,0.13612947382478632
Q8IWZ3,Cytoplasm,Q8IWZ3__f02c60e924a95324,Nucleus,Nucleus,0.212890625,0.26339285714285715,0.216796875,0.18364955357142856,0.056640625,0.045861235119047626,0.4296875,0.4069475446428572,0.083984375,0.10014880952380954
Q8IY42,Membrane,Q8IY42__471d3e3c734a2109,Nucleus,Nucleus,0.25390625,0.2364340954184704,0.140625,0.1716870152417027,0.0703125,0.12407924107142856,0.361328125,0.28456411210317456,0.173828125,0.18323553616522362
Q8IZI9,Secreted,Q8IU54__44e9d65a85e80ee6,Mitochondrion,Secreted,0.134765625,0.15097374413780665,0.130859375,0.12799563717532467,0.349609375,0.27354882530663777,0.103515625,0.10526441874098123,0.28125,0.34221737463924967
Q8IZJ0,Secreted,Q8IU54__44e9d65a85e80ee6,Secreted,Secreted,0.173828125,0.18574246933621935,0.1328125,0.11777681953463205,0.271484375,0.21921869363275615,0.09375,0.12359279175685424,0.328125,0.3536692257395383
Q8N142,Cytoplasm,Q8N142__aa7ee7b5fd97b788,Mitochondrion,Cytoplasm,0.138671875,0.30590325473137975,0.18359375,0.1603453621031746,0.408203125,0.23099268353174598,0.107421875,0.15807864010989006,0.162109375,0.1446800595238095
Q8N292,Membrane,Q8N292__c32ea18aa61a9215,Nucleus,Secreted,0.2109375,0.23766121031746026,0.11328125,0.14696800595238094,0.16015625,0.19069940476190478,0.3125,0.16702008928571424,0.203125,0.2576512896825397
Q8N2C7,Membrane,Q8N2C7__48366f21dc21c827,Cytoplasm,Cytoplasm,0.41015625,0.33568018353174595,0.1953125,0.25766059027777777,0.037109375,0.07259114583333331,0.345703125,0.3046223958333334,0.01171875,0.029445684523809523
Q8N3F0,Cytoplasm,Q8N3F0__895f97cd750f8f04,Nucleus,Cytoplasm,0.259765625,0.22840458152958154,0.125,0.20596478174603175,0.1015625,0.1556789998196248,0.30859375,0.22605406746031742,0.205078125,0.18389756944444438
Q8N414,Nucleus,Q8N414__c9e1948940948005,Nucleus,Nucleus,0.17578125,0.21592881944444445,0.25390625,0.26671655167748914,0.12890625,0.0996558779761905,0.328125,0.28045324900793656,0.11328125,0.1372455018939394
Q8N5I2,Membrane,Q8N5I2__8d836cb6060bcb56,Membrane,Cytoplasm,0.193359375,0.26768043154761906,0.365234375,0.26150483630952387,0.1484375,0.12644469246031748,0.140625,0.22261594742063492,0.15234375,0.12175409226190474
Q8N5Y2,Nucleus,Q8N5Y2__ed778e91026a3198,Nucleus,Nucleus,0.125,0.22392141278860025,0.052734375,0.09368489583333332,0.0546875,0.09850683170995671,0.734375,0.5225328057359307,0.033203125,0.06135405393217893
Q8N5Z5,Cytoplasm,Q8N5Z5__3cce6352e683d134,Nucleus,Nucleus,0.318359375,0.23299597537878788,0.083984375,0.1758559365981241,0.060546875,0.14482906416500163,0.447265625,0.33160144976551237,0.08984375,0.1147175740925741
Q8N6I1,Nucleus,Q8N6I1__b64f0d7bde8d48df,Cytoplasm,Mitochondrion,0.3203125,0.1868681231962482,0.07421875,0.08398437499999999,0.17578125,0.2640523538961038,0.31640625,0.2588324652777778,0.11328125,0.20626268262987013
Q8N7E2,Cytoplasm,Q8N7E2__524869fd2da12d5c,Nucleus,Nucleus,0.130859375,0.19556862408424908,0.064453125,0.13090926001082248,0.0390625,0.11666187545093797,0.697265625,0.41907693001443,0.068359375,0.1377833104395604
Q8N9H9,Secreted,Q8N9H9__031e507cb7d5e3f9,Membrane,Membrane,0.263671875,0.1839099702380952,0.306640625,0.31614583333333335,0.08203125,0.0844215029761905,0.22265625,0.22377232142857137,0.125,0.19175037202380948
Q8NB91,Nucleus,Q8NB91__068b122a85394c04,Cytoplasm,Membrane,0.33984375,0.2553974454365079,0.322265625,0.3476314484126984,0.068359375,0.0671151764901765,0.193359375,0.21915263555888553,0.076171875,0.11070329410173162
Q8NCG7,Membrane,Q8NCG7__06b40a2742cea018,Membrane,Membrane,0.048828125,0.16003844246031743,0.837890625,0.5275204613095238,0.03125,0.11589781746031744,0.029296875,0.10763578869047619,0.052734375,0.0889074900793651
Q8NDZ0,Nucleus,Q8NDZ0__66d22db947637d06,Nucleus,Nucleus,0.234375,0.18132440476190476,0.12109375,0.14639136904761907,0.015625,0.056051587301587304,0.583984375,0.5025607638888889,0.044921875,0.113671875
Q8NFT6,Nucleus,Q8NFT6__eaceeb4177b9c123,Nucleus,Nucleus,0.201171875,0.19107142857142856,0.181640625,0.22022569444444445,0.07421875,0.11711309523809525,0.294921875,0.29614335317460316,0.248046875,0.1754464285714285
Q8NFW8,Nucleus,Q8NFW8__55460d12eddf2242,Cytoplasm,Mitochondrion,0.2734375,0.22541542658730154,0.158203125,0.1697079613095238,0.2109375,0.2624348958333333,0.216796875,0.20581597222222225,0.140625,0.13662574404761907
Q8TB37,Mitochondrion,Q8TB37__35d8837de8a710ae,Mitochondrion,Mitochondrion,0.146484375,0.17846949057886552,0.234375,0.2628813244047619,0.35546875,0.2948254002941503,0.134765625,0.13698536706349204,0.12890625,0.12683841765873016
Q8TCJ0,Nucleus,Q8TCJ0__6679089ccb8aa7d7,Nucleus,Membrane,0.21875,0.21531526199494944,0.189453125,0.28784130366161625,0.150390625,0.1696201151279276,0.236328125,0.14263702876984125,0.205078125,0.1845862904456654
Q8TDS4,Membrane,O00155__fe488629acdd126c,Membrane,Membrane,0.033203125,0.10325210813492064,0.921875,0.646000744047619,0.0234375,0.0679532490079365,0.005859375,0.07133246527777777,0.015625,0.11146143353174603
Q8WWQ0,Nucleus,Q8WWQ0__c341a586dd02618a,Nucleus,Nucleus,0.23046875,0.2119512648809524,0.087890625,0.1564453125,0.07421875,0.08699156746031746,0.529296875,0.5030939980158731,0.078125,0.04151785714285714
Q8WXB1,Cytoplasm,Q8WXB1__ac8a56bdb015b528,Cytoplasm,Cytoplasm,0.279296875,0.2604274631618381,0.177734375,0.17078767586580088,0.201171875,0.2535944524225775,0.177734375,0.15719443317099568,0.1640625,0.15799597537878785
Q92754,Nucleus,P05549__59608780f7b632de,Nucleus,Nucleus,0.24609375,0.23373015873015873,0.111328125,0.16268911210317458,0.10546875,0.11403121617965371,0.408203125,0.3308813582251082,0.12890625,0.15866815476190477
Q92800,Nucleus,Q15910__4c4d28512cf71210,Nucleus,Nucleus,0.1875,0.21379278273809518,0.11328125,0.17022879464285717,0.03125,0.0783296130952381,0.548828125,0.36488095238095225,0.119140625,0.17276785714285717
Q969F8,Membrane,O00155__fe488629acdd126c,Membrane,Membrane,0.04296875,0.07537089646464644,0.873046875,0.5417382530663782,0.015625,0.06275280708874459,0.013671875,0.054602103625541125,0.0546875,0.26553593975468975
Q969J2,Nucleus,Q16670__6ac67f9665206358,Nucleus,Nucleus,0.21875,0.23927387716450216,0.0703125,0.13459821428571428,0.05078125,0.09052184794372295,0.607421875,0.45000000000000007,0.052734375,0.0856060606060606
Q969K4,Cytoplasm,Q969K4__b6c1180165210e8b,Cytoplasm,Cytoplasm,0.32421875,0.3180245535714286,0.18359375,0.1876421321733822,0.125,0.20784183264652006,0.1796875,0.13318762400793652,0.1875,0.1533038576007326
Q969S2,Nucleus,Q969S2__1936fc913cb2b011,Nucleus,Cytoplasm,0.240234375,0.26245406069624816,0.154296875,0.17971230158730156,0.107421875,0.09642547123015872,0.30859375,0.22988337617243865,0.189453125,0.2315247903138528
Q96A37,Cytoplasm,Q96A37__6bbf4dba1603fb82,Secreted,Secreted,0.111328125,0.22775297619047621,0.1640625,0.15979099025974025,0.11328125,0.12602842036435788,0.142578125,0.18065870761183261,0.46875,0.30576890557359304
Q96A58,Cytoplasm,Q96A58__2d6835eca3ec3703,Cytoplasm,Nucleus,0.283203125,0.27405190295815296,0.146484375,0.1423549107142857,0.146484375,0.18153775477994227,0.28125,0.2820498511904761,0.142578125,0.12000558035714287
Q96BF3,Membrane,Q96BF3__f696e44a72978b1f,Secreted,Membrane,0.14453125,0.1097067212301587,0.208984375,0.28638392857142864,0.146484375,0.13334263392857143,0.234375,0.24876612103174603,0.265625,0.22180059523809528
Q96BF6,Nucleus,Q96BF6__1868325d7226d9c0,Membrane,Nucleus,0.2265625,0.19137242965367965,0.361328125,0.2634114583333333,0.130859375,0.1519469246031746,0.203125,0.2902690408549783,0.078125,0.10300014655483407
Q96BH3,Secreted,Q96BH3__6155689b1ac859d1,Secreted,Secreted,0.138671875,0.12497829861111108,0.263671875,0.2609115562343359,0.052734375,0.12341778629813169,0.15625,0.21119707115800865,0.388671875,0.2794952876984127
Q96BN8,Cytoplasm,Q96BN8__8b539470552fbdad,Cytoplasm,Cytoplasm,0.318359375,0.29920324900793654,0.130859375,0.17928447420634921,0.158203125,0.19154051243894993,0.291015625,0.18268753815628813,0.1015625,0.14728422619047618
Q96C10,Cytoplasm,Q96C10__c9e670cb8f8b21cc,Cytoplasm,Cytoplasm,0.337890625,0.3045572916666667,0.177734375,0.1614738343253968,0.255859375,0.22144717261904762,0.150390625,0.17908662518037516,0.078125,0.13343507620851372
Q96DV4,Mitochondrion,Q96DV4__59cb151fa5bb83d0,Cytoplasm,Cytoplasm,0.30859375,0.2806015815781441,0.099609375,0.1359095982142857,0.19140625,0.20158253205128204,0.294921875,0.2086454994658119,0.10546875,0.17326078869047615
Q96E93,Membrane,Q96E93__553cfb55f51d19e4,Secreted,Secreted,0.05859375,0.13699776785714285,0.3359375,0.25770905127401844,0.046875,0.09166527231905523,0.05859375,0.09835379464285714,0.5,0.4152741139069264
Q96EL3,Mitochondrion,Q96EL3__97be3deeb7550fbe,Mitochondrion,Mitochondrion,0.150390625,0.14684352106227105,0.0859375,0.09113963293650795,0.44140625,0.2949700473137972,0.11328125,0.18457651289682533,0.208984375,0.2824702857905983
Q96EP9,Membrane,Q96EP9__b0ee59d911e8796a,Membrane,Membrane,0.037109375,0.1019624255952381,0.892578125,0.5490327380952381,0.021484375,0.075,0.017578125,0.11285370445526695,0.03125,0.1611511318542569
Q96ER3,Nucleus,Q96ER3__252ec3542ff6a4e3,Cytoplasm,Cytoplasm,0.466796875,0.33501054067460323,0.193359375,0.27056981646825395,0.0625,0.09240141369047619,0.177734375,0.20159350198412693,0.099609375,0.1004247271825397
Q96FE7,Membrane,Q96FE7__927d68fb5ab064c9,Secreted,Secreted,0.22265625,0.18654936643217884,0.22265625,0.1676956507034632,0.099609375,0.22090266504329006,0.13671875,0.1748514723124098,0.318359375,0.250000845508658
Q96GC5,Mitochondrion,Q96GC5__6c75e54294834d82,Mitochondrion,Cytoplasm,0.203125,0.25243083739177485,0.1171875,0.16569940476190473,0.353515625,0.21066440070346323,0.12109375,0.2089781746031745,0.205078125,0.16222718253968255
Q96GX9,Cytoplasm,Q96GX9__7bf7fd518c9c0e59,Secreted,Secreted,0.201171875,0.198992435515873,0.18359375,0.1647073412698413,0.142578125,0.1935577876984127,0.19921875,0.22003038194444444,0.2734375,0.22271205357142856
Q96IR7,Mitochondrion,Q96IR7__918e5f73c96b407c,Cytoplasm,Membrane,0.234375,0.19154528197496945,0.20703125,0.257360716540404,0.220703125,0.2187293392371517,0.14453125,0.14261222718253966,0.193359375,0.18975243506493503
Q96IZ2,Membrane,Q96IZ2__c71f02d5e6b002c9,Membrane,Membrane,0.05078125,0.14470176091269843,0.72265625,0.44912264384920647,0.072265625,0.1759314903846154,0.025390625,0.06548549107142858,0.12890625,0.16475861378205123
Q96J84,Membrane,Q96J84__d6ad5dc9d0699771,Membrane,Membrane,0.1484375,0.17560453869047613,0.400390625,0.344686259920635,0.078125,0.07276785714285713,0.19921875,0.24632006448412697,0.173828125,0.1606212797619047
Q96KF2,Nucleus,Q96KF2__cffd1a749f20f567,Secreted,Secreted,0.185546875,0.16436122471278722,0.103515625,0.10141989087301585,0.134765625,0.14536424946581192,0.26171875,0.18584239111582854,0.314453125,0.4030122438325564
Q96LA5,Membrane,Q96LA5__196c223116ca2548,Membrane,Membrane,0.2421875,0.20262586805555552,0.392578125,0.4097439236111111,0.1171875,0.11165984623015872,0.115234375,0.15598338293650793,0.1328125,0.11998697916666666
Q96N64,Nucleus,Q96N64__4878e4a941f8d9e5,Nucleus,Nucleus,0.142578125,0.1794127096861472,0.037109375,0.08506634424603175,0.017578125,0.044168526785714285,0.765625,0.6287701231060607,0.037109375,0.06258229617604619
Q96P68,Membrane,O00155__fe488629acdd126c,Membrane,Membrane,0.029296875,0.08296750992063494,0.86328125,0.6814639136904764,0.041015625,0.06408420138888887,0.015625,0.05504092261904762,0.05078125,0.11644345238095241
Q96PL1,Secreted,Q96PL1__827d5f66c7ba65a4,Secreted,Secreted,0.1171875,0.19953215187590184,0.365234375,0.18899485930735938,0.099609375,0.20477233270202022,0.033203125,0.08898809523809523,0.384765625,0.3177125608766234
Q96QR1,Secreted,Q96PL1__827d5f66c7ba65a4,Secreted,Secreted,0.099609375,0.11637637536075036,0.33984375,0.2349423363095238,0.12109375,0.13043464781746034,0.021484375,0.09926215277777778,0.41796875,0.4189844877344877
Q96RD9,Membrane,Q96RD9__5bdb053952ef7a04,Membrane,Membrane,0.193359375,0.1571614583333333,0.5078125,0.38745969742063496,0.0546875,0.11541108630952383,0.134765625,0.18131820436507934,0.109375,0.1586495535714286
Q96S53,Nucleus,Q96S53__084144427674914c,Cytoplasm,Nucleus,0.345703125,0.2914620535714286,0.177734375,0.15664992559523808,0.0859375,0.10085565476190475,0.333984375,0.31006324404761904,0.056640625,0.1409691220238095
Q96SY0,Nucleus,Q96SY0__dceb43df13f19516,Cytoplasm,Cytoplasm,0.392578125,0.3377883184523811,0.203125,0.2622147817460317,0.15625,0.1612940228174603,0.13671875,0.13815104166666664,0.111328125,0.1005518353174603
Q96SZ6,Mitochondrion,Q96SZ6__1d322390e9e68338,Nucleus,Cytoplasm,0.263671875,0.30488591269841264,0.171875,0.18580729166666668,0.21484375,0.19488157242063497,0.279296875,0.218563988095238,0.0703125,0.09586123511904762
Q96T66,Mitochondrion,Q96T66__53d18cbc21a53ef6,Mitochondrion,Mitochondrion,0.119140625,0.2055152529761905,0.140625,0.16713789682539684,0.466796875,0.3404048859126984,0.109375,0.09977988591269842,0.1640625,0.18716207837301585
Q99581,Nucleus,Q99581__a069870fd633d11d,Secreted,Secreted,0.142578125,0.15646081349206345,0.09375,0.14033358134920634,0.205078125,0.18246527777777774,0.203125,0.15049913194444442,0.35546875,0.370241195436508
Q99705,Membrane,O00155__fe488629acdd126c,Membrane,Membrane,0.0078125,0.06262090773809523,0.958984375,0.7729445684523809,0.009765625,0.0692987351190476,0.0078125,0.026767113095238094,0.015625,0.06836867559523808
Q99788,Membrane,O00155__fe488629acdd126c,Membrane,Membrane,0.021484375,0.05627170138888888,0.955078125,0.7414651537698415,0.017578125,0.0580762987012987,0.00390625,0.04584573412698413,0.001953125,0.09834111201298701
Q99935,Secreted,Q99935__3a8481ed0bb9f7d8,Secreted,Membrane,0.162109375,0.15120907738095232,0.22265625,0.26102430555555556,0.154296875,0.14811197916666666,0.22265625,0.19666728670634923,0.23828125,0.24298735119047615
Q9BPX1,Cytoplasm,Q9BPX1__b1fb8b8ca7dfa517,Mitochondrion,Mitochondrion,0.201171875,0.22023451808608052,0.24609375,0.20143905573593077,0.283203125,0.22865871108058605,0.12109375,0.1392206101190476,0.1484375,0.21044710497835492
Q9BPZ2,Nucleus,Q9BPZ2__8d0f1a7ce5de559f,Nucleus,Nucleus,0.2890625,0.24304267780830274,0.11328125,0.08907180059523812,0.12109375,0.1725336729242979,0.333984375,0.31381043002136755,0.142578125,0.18154141865079362
Q9BRZ2,Cytoplasm,Q9BRZ2__b6c47af06f28b49b,Cytoplasm,Cytoplasm,0.40625,0.28712543966450216,0.125,0.18504774305555555,0.140625,0.17330362779581523,0.216796875,0.21096850198412692,0.111328125,0.1435546875
Q9BSG0,Secreted,Q9BSG0__a171d4adc0869407,Membrane,Membrane,0.125,0.14310515873015872,0.48828125,0.4206659226190476,0.1171875,0.15225384424603175,0.0859375,0.10108816964285713,0.18359375,0.18288690476190475
Q9BSL1,Cytoplasm,Q9BSL1__9dbe2ab88ae421fb,Nucleus,Cytoplasm,0.3828125,0.3377544981060606,0.091796875,0.09479166666666664,0.08203125,0.1354225852272727,0.404296875,0.3238095238095238,0.0390625,0.10822172619047621
Q9BUT1,Cytoplasm,Q9BPX1__b1fb8b8ca7dfa517,Cytoplasm,Mitochondrion,0.255859375,0.19756211670274168,0.18359375,0.1945878990800865,0.23828125,0.26794104333166824,0.166015625,0.1393626555735931,0.15625,0.20054628531191027
Q9BV90,Nucleus,Q9BV90__fd432e81630d29a7,Mitochondrion,Cytoplasm,0.263671875,0.25744977678571423,0.1015625,0.08666322826479074,0.31640625,0.2472033391955267,0.197265625,0.20926959325396827,0.12109375,0.19941406250000004
Q9BVS4,Cytoplasm,Q9BVS4__2a0f0de1b3b97dd3,Nucleus,Nucleus,0.23046875,0.2873604910714285,0.07421875,0.11667596726190475,0.02734375,0.06599702380952381,0.6328125,0.43534226190476183,0.03515625,0.09462425595238097
Q9BWV1,Membrane,Q9BWV1__fe134c59019cdd17,Membrane,Membrane,0.130859375,0.17443886408730155,0.482421875,0.4190848214285714,0.076171875,0.09575554653679653,0.17578125,0.20473738501082253,0.134765625,0.10598338293650796
Q9BX70,Cytoplasm,Q9BX70__e154ffcb58e4127a,Membrane,Membrane,0.240234375,0.18824912067099567,0.27734375,0.27298289817821064,0.166015625,0.16864769345238098,0.177734375,0.21508556547619048,0.138671875,0.15503472222222225
Q9BXA5,Membrane,O00155__fe488629acdd126c,Membrane,Membrane,0.017578125,0.0454012784090909,0.912109375,0.7692713970057721,0.041015625,0.06099696744227994,0.009765625,0.045721726190476195,0.01953125,0.07860863095238095
Q9BXC0,Membrane,O00155__fe488629acdd126c,Membrane,Membrane,0.017578125,0.08786892361111112,0.953125,0.6806361607142857,0.005859375,0.066796875,0.009765625,0.05249255952380953,0.013671875,0.11220548115079365
Q9BXH1,Mitochondrion,Q9BXH1__7303d018c5b74b91,Mitochondrion,Secreted,0.162109375,0.1428233225108225,0.05859375,0.08095548115079365,0.3125,0.28379188086219337,0.291015625,0.2012403612012987,0.17578125,0.2911889542748918
Q9BXL5,Nucleus,Q9BXL5__d670076aa200bd4c,Nucleus,Nucleus,0.255859375,0.2559120783730159,0.0859375,0.1181640625,0.02734375,0.09983258928571428,0.5234375,0.4267237103174604,0.107421875,0.09936755952380952
Q9BXW9,Nucleus,Q9BXW9__e3ae93962ad1e4de,Cytoplasm,Cytoplasm,0.580078125,0.38606460813492066,0.177734375,0.25156870039682533,0.05078125,0.057694692460317464,0.14453125,0.228360615079365,0.046875,0.07631138392857144
Q9BY32,Cytoplasm,Q9BY32__5db3e7a51fce0c33,Cytoplasm,Cytoplasm,0.291015625,0.2960968501984127,0.134765625,0.14232757260101012,0.12109375,0.22910212617243864,0.18359375,0.11825706845238095,0.26953125,0.21421638257575756
Q9BYD3,Mitochondrion,Q9BYD3__c66758089c5c520e,Mitochondrion,Mitochondrion,0.150390625,0.2274522569444444,0.14453125,0.16282862103174603,0.412109375,0.298113952020202,0.171875,0.14724110524891773,0.12109375,0.16436406475468973
Q9BYN0,Cytoplasm,Q9BYN0__fe98c8a9bf90400b,Mitochondrion,Mitochondrion,0.169921875,0.19892642080142076,0.126953125,0.14919451208513707,0.244140625,0.24436581213924966,0.23046875,0.1752046130952381,0.228515625,0.2323086418789544
Q9C040,Cytoplasm,Q9C040__5675330c0c504dda,Membrane,Membrane,0.23828125,0.22817460317460317,0.296875,0.2971044146825396,0.12109375,0.14073660714285713,0.212890625,0.21354786706349205,0.130859375,0.12043650793650794
Q9GZQ6,Membrane,O00155__fe488629acdd126c,Membrane,Membrane,0.015625,0.05218902191558442,0.91796875,0.6569261250901877,0.0390625,0.11933734668109668,0.01171875,0.06847408234126984,0.015625,0.10307342397186148
Q9GZV8,Nucleus,Q9GZV8__ef30c58f5f0fc0ca,Nucleus,Nucleus,0.13671875,0.1871558779761905,0.111328125,0.1819785466269841,0.03125,0.0945374503968254,0.61328125,0.40124627976190486,0.107421875,0.13508184523809524
Q9GZV9,Secreted,Q9GZV9__7bcbe7a25d9b255c,Secreted,Nucleus,0.125,0.17414124503968254,0.177734375,0.19843749999999996,0.19921875,0.1479414682539682,0.23828125,0.273375496031746,0.259765625,0.2061042906746032
Q9H0C5,Cytoplasm,Q9BX70__e154ffcb58e4127a,Membrane,Membrane,0.259765625,0.21007649034992787,0.283203125,0.3413078891594517,0.134765625,0.1431521386599512,0.1875,0.169230617472805,0.134765625,0.13623286435786436
Q9H0R6,Mitochondrion,Q9H0R6__848c898a9f051ff6,Membrane,Membrane,0.234375,0.2553540426587301,0.349609375,0.29089471726190486,0.173828125,0.11555989583333334,0.138671875,0.16006944444444443,0.103515625,0.17812189980158732
Q9H257,Cytoplasm,Q9H257__b4a3064cf0def007,Nucleus,Cytoplasm,0.3515625,0.3841982886904762,0.0390625,0.12225322420634921,0.056640625,0.0831447849025974,0.52734375,0.3466010551948053,0.025390625,0.06380264700577201
Q9H3F6,Nucleus,Q9H3F6__534dc1a41680b9f1,Cytoplasm,Cytoplasm,0.365234375,0.30968530167748926,0.12109375,0.15669022817460318,0.09765625,0.1678475604256854,0.310546875,0.24615885416666664,0.10546875,0.11961805555555556
Q9H3J6,Mitochondrion,Q9H3J6__8cc73c7fc97ee933,Mitochondrion,Mitochondrion,0.263671875,0.233628134018759,0.04296875,0.08910900297619047,0.40625,0.3199523133116882,0.1953125,0.20149147727272726,0.091796875,0.1558190724206349
Q9H3N8,Membrane,Q9H3N8__f9e4438a973a786f,Membrane,Membrane,0.005859375,0.07916666666666668,0.943359375,0.6614428323412699,0.0234375,0.08963913690476191,0.009765625,0.04362909226190476,0.017578125,0.12612227182539681
Q9H3Y6,Cytoplasm,Q9H3Y6__58956edc77f66920,Membrane,Membrane,0.20703125,0.2524119543650793,0.26953125,0.2936507936507936,0.240234375,0.1302796378968254,0.14453125,0.15670882936507935,0.138671875,0.16694878472222222
Q9H469,Cytoplasm,Q9H469__eb82f4252bce35e6,Cytoplasm,Mitochondrion,0.3125,0.23686135912698408,0.142578125,0.1399894593253968,0.275390625,0.2479600694444444,0.13671875,0.16500496031746031,0.1328125,0.2101841517857143
Q9H825,Mitochondrion,Q9H825__126650808d02af0f,Nucleus,Cytoplasm,0.337890625,0.31025517451298706,0.103515625,0.15702871347402594,0.09765625,0.1427991929945055,0.361328125,0.25035556891025634,0.099609375,0.1395613501082251
Q9H867,Cytoplasm,Q8WXB1__ac8a56bdb015b528,Cytoplasm,Cytoplasm,0.33203125,0.28745434253246754,0.146484375,0.1502367424242424,0.126953125,0.15754362824675322,0.240234375,0.24257558847402602,0.154296875,0.16218969832251082
Q9H9A7,Nucleus,Q9H9A7__4de31be25c5d14ec,Cytoplasm,Cytoplasm,0.390625,0.3498476133241758,0.22265625,0.1809808464105339,0.076171875,0.11256868131868131,0.255859375,0.2517299107142857,0.0546875,0.10487294823232324
Q9HAC7,Mitochondrion,Q9HAC7__975e9d95e77f8ee2,Mitochondrion,Membrane,0.1484375,0.25291160662254414,0.2265625,0.30266307043650786,0.462890625,0.23925133026695525,0.091796875,0.12899925595238093,0.0703125,0.07617473672161174
Q9HAN9,Nucleus,Q96T66__53d18cbc21a53ef6,Mitochondrion,Cytoplasm,0.2109375,0.29640760714979464,0.103515625,0.1536396329365079,0.3515625,0.2772660716020091,0.224609375,0.1497983787046287,0.109375,0.12288830960705961
Q9HAU0,Cytoplasm,Q9HAU0__def0cf4e9d2a94e5,Nucleus,Nucleus,0.21875,0.2398716517857143,0.072265625,0.11431361607142856,0.009765625,0.03201264880952381,0.671875,0.5683531746031747,0.02734375,0.04544890873015873
Q9HB14,Membrane,Q9HB14__f2b2ef3aa99df4b6,Membrane,Membrane,0.091796875,0.12703993055555554,0.630859375,0.5456380208333333,0.111328125,0.11508866567460319,0.056640625,0.08178943452380953,0.109375,0.1304439484126984
Q9HBE1,Nucleus,Q9HBE1__72a9a18a311dc8f0,Nucleus,Nucleus,0.125,0.17382305194805195,0.138671875,0.19234589195526694,0.072265625,0.12752976190476192,0.53515625,0.3945349138708513,0.12890625,0.1117663803210678
Q9HBH1,Mitochondrion,Q9HBH1__b4438b03f8f4378f,Mitochondrion,Secreted,0.119140625,0.1916446834415584,0.11328125,0.20161548520923522,0.384765625,0.23268229166666665,0.123046875,0.12762953192640694,0.259765625,0.2464280077561327
Q9HC36,Mitochondrion,Q9HC36__320a817b45b1beff,Mitochondrion,Mitochondrion,0.140625,0.20886140768953265,0.126953125,0.12730034722222222,0.50390625,0.2903544372294372,0.16796875,0.2591947115384615,0.060546875,0.11428909632034631
Q9NP55,Secreted,Q9NP55__4c91dd571e9e18c4,Membrane,Membrane,0.09765625,0.14144345238095235,0.529296875,0.3029854910714286,0.158203125,0.18439360119047618,0.0546875,0.10714285714285712,0.16015625,0.2640345982142857
Q9NP86,Cytoplasm,Q9NP86__0d908c424ec3fc0c,Cytoplasm,Cytoplasm,0.388671875,0.3368678413600288,0.080078125,0.09019097222222222,0.130859375,0.25618368176961925,0.2734375,0.17296937003968252,0.126953125,0.14378813460844708
Q9NPC7,Nucleus,Q9NPC7__99eca3247aa120d5,Nucleus,Nucleus,0.130859375,0.1551483022186147,0.083984375,0.1607173859126984,0.0234375,0.05870112959956711,0.705078125,0.5446160827020203,0.056640625,0.08081709956709957
Q9NPH9,Secreted,Q9NPH9__056fd5c2279dcff8,Secreted,Secreted,0.142578125,0.18619743971306468,0.140625,0.21623216193528694,0.12109375,0.19821467594905096,0.119140625,0.12504340277777776,0.4765625,0.2743123196248196
Q9NQ50,Mitochondrion,Q9NQ50__924d4cf33192a6b4,Mitochondrion,Mitochondrion,0.216796875,0.23590988005050506,0.04296875,0.06505456349206348,0.44140625,0.3440163352272727,0.216796875,0.2179594494047619,0.08203125,0.13705977182539683
Q9NQ92,Nucleus,Q9NQ92__0a908d6f9f6b9542,Nucleus,Nucleus,0.302734375,0.21393229166666664,0.14453125,0.1337704613095238,0.064453125,0.16823677624458871,0.359375,0.3058872767857143,0.12890625,0.1781731939935065
Q9NR55,Nucleus,Q9NR55__fae67c216133fd2a,Nucleus,Mitochondrion,0.1796875,0.21468854496198236,0.041015625,0.06469184027777777,0.287109375,0.2872283315642691,0.396484375,0.253412364545177,0.095703125,0.17997891865079368
Q9NR82,Membrane,Q9NR82__730df54c5738d6d8,Membrane,Membrane,0.107421875,0.2066034226190476,0.41015625,0.3345052083333334,0.18359375,0.15455729166666665,0.205078125,0.18121279761904766,0.09375,0.12312127976190476
Q9NR99,Secreted,Q6WRI0__77504e631c728b1b,Nucleus,Nucleus,0.14453125,0.19574962797619047,0.18359375,0.29181547619047615,0.03125,0.06870349702380953,0.611328125,0.39529389880952376,0.029296875,0.04843750000000001
Q9NRX2,Mitochondrion,Q9NRX2__c23e00b5cf763f5b,Mitochondrion,Mitochondrion,0.17578125,0.18982853084415582,0.0703125,0.10704365079365076,0.326171875,0.32062082882395376,0.208984375,0.11310763888888888,0.21875,0.2693993506493506
Q9NSY1,Nucleus,Q9NSY1__04770a360e7954ab,Nucleus,Nucleus,0.1171875,0.17845362103174606,0.046875,0.06453683035714285,0.0078125,0.06162264384920635,0.783203125,0.6378534226190476,0.044921875,0.05753348214285715
Q9NVV5,Membrane,Q9NVV5__6c64bf944a7174bc,Membrane,Membrane,0.056640625,0.10099826388888887,0.7578125,0.5239788925438598,0.087890625,0.1138032255116959,0.0390625,0.09390190972222225,0.05859375,0.16731770833333331
Q9NWQ8,Membrane,Q9NWQ8__4d57afe2d9f33aa9,Nucleus,Nucleus,0.31640625,0.2289003314393939,0.08984375,0.12731584821428568,0.0234375,0.05788183170995672,0.544921875,0.5078006628787879,0.025390625,0.07810132575757577
Q9NY72,Membrane,Q9NY72__40b9a19550f1a0ab,Cytoplasm,Membrane,0.265625,0.17938734442640691,0.228515625,0.27751426091269843,0.12890625,0.15376054067460318,0.177734375,0.16194309163059165,0.19921875,0.22739476235569986
Q9NYP3,Nucleus,Q9NYP3__adb7f7c1e9c2f4cb,Membrane,Membrane,0.14453125,0.24436102092352088,0.28125,0.27768477182539686,0.216796875,0.2100970643939394,0.197265625,0.1888206845238095,0.16015625,0.07903645833333334
Q9NZ71,Nucleus,Q9NZ71__c879d1c7d56c7a1e,Nucleus,Nucleus,0.21484375,0.28902867965367957,0.1875,0.16636904761904764,0.177734375,0.1317606872294372,0.357421875,0.33675595238095235,0.0625,0.07608563311688311
Q9NZC4,Nucleus,Q9NZC4__81bc074930721a58,Nucleus,Nucleus,0.21484375,0.21655252299783545,0.138671875,0.16818576388888892,0.138671875,0.1507905505952381,0.2734375,0.2525771103896103,0.234375,0.21189405212842705
Q9NZE8,Mitochondrion,Q9NZE8__8d0f7f455ee24942,Mitochondrion,Mitochondrion,0.21484375,0.1798348786630036,0.115234375,0.10372953869047617,0.384765625,0.3545107886904762,0.1484375,0.15080986721611722,0.13671875,0.21111492673992674
Q9P296,Membrane,O00155__fe488629acdd126c,Membrane,Membrane,0.033203125,0.10090525793650792,0.83984375,0.5670386904761906,0.017578125,0.11261780753968255,0.015625,0.04328497023809523,0.09375,0.1761532738095238
Q9P2D8,Membrane,Q9P2D8__9a577c43a581ee47,Membrane,Cytoplasm,0.3515625,0.31485305059523805,0.412109375,0.2837611607142857,0.046875,0.07291666666666667,0.1328125,0.22489769345238095,0.056640625,0.10357142857142859
Q9P2R6,Nucleus,Q9P2R6__bf11f73a02a3d4e4,Nucleus,Nucleus,0.09375,0.17090773809523802,0.029296875,0.039388020833333336,0.001953125,0.02794828869047619,0.857421875,0.7178757440476191,0.017578125,0.04388020833333334
Q9UBE0,Nucleus,Q9UBE0__f14afd8bafd60a1e,Cytoplasm,Cytoplasm,0.431640625,0.3041142451298702,0.169921875,0.22295386904761905,0.1484375,0.15935921717171714,0.203125,0.20059833829365076,0.046875,0.11297433035714287
Q9UBH6,Membrane,Q9UBH6__66165518a985c67e,Membrane,Membrane,0.142578125,0.22768026244588743,0.484375,0.4476038284632035,0.181640625,0.12553097943722943,0.103515625,0.08745349702380951,0.087890625,0.11173143262987016
Q9UBU7,Nucleus,Q9UBU7__fdb7450415b4e1df,Nucleus,Nucleus,0.216796875,0.3058162540584416,0.083984375,0.08093377976190474,0.0390625,0.0721489448051948,0.640625,0.4641715706168831,0.01953125,0.07692945075757575
Q9UGC7,Mitochondrion,Q9UGC7__09c2543ebc9a8715,Mitochondrion,Nucleus,0.2421875,0.2448939732142857,0.078125,0.1452690972222222,0.326171875,0.25013020833333327,0.298828125,0.2817775974025974,0.0546875,0.07792912382756134
Q9UHD2,Cytoplasm,Q9UHD2__90bedea8f8b5a918,Cytoplasm,Cytoplasm,0.486328125,0.4217912946428572,0.20703125,0.18998664096320347,0.06640625,0.15171074585137087,0.185546875,0.20125558035714283,0.0546875,0.035255738185425683
Q9UHK0,Nucleus,Q9UHK0__4d2abc2423032fb0,Nucleus,Nucleus,0.140625,0.14635416666666667,0.087890625,0.10486731150793648,0.0859375,0.09985834478021978,0.59765625,0.5380756829975579,0.087890625,0.11084449404761906
Q9UI43,Mitochondrion,Q9UI43__18ca8754ed4603de,Mitochondrion,Mitochondrion,0.150390625,0.16350398733211233,0.146484375,0.18766073336385836,0.3984375,0.23836185515873015,0.1171875,0.17327938988095232,0.1875,0.2371940342643468
Q9UIA0,Membrane,Q9UIA0__2a924149bd7fd627,Cytoplasm,Nucleus,0.419921875,0.27465587797619057,0.115234375,0.17989831349206348,0.095703125,0.13073226686507936,0.287109375,0.2974113343253968,0.08203125,0.11730220734126984
Q9UIF8,Nucleus,Q9UIF8__2d0a1e51ee3c726a,Nucleus,Nucleus,0.107421875,0.1865048363095238,0.037109375,0.047638494318181825,0.001953125,0.039871651785714286,0.8359375,0.6945532332251082,0.017578125,0.03143178436147186
Q9UJX5,Nucleus,Q9UJX5__1622b5260b46f63f,Cytoplasm,Cytoplasm,0.462890625,0.38864087301587313,0.283203125,0.29361979166666674,0.041015625,0.09117373511904761,0.15234375,0.11362847222222222,0.060546875,0.11293712797619049
Q9UK45,Nucleus,Q9UK45__b76282643564af5d,Cytoplasm,Cytoplasm,0.298828125,0.2670978760822511,0.095703125,0.09661458333333332,0.18359375,0.25928791260822515,0.287109375,0.17571614583333336,0.134765625,0.20128348214285713
Q9UK96,Cytoplasm,Q9UK96__65fd961cdb2dca42,Membrane,Membrane,0.189453125,0.21026070283882778,0.396484375,0.4198257688492063,0.158203125,0.13761160714285714,0.16015625,0.14554501488095234,0.095703125,0.0867569062881563
Q9UK97,Cytoplasm,Q9UK97__9eea2520b6e96a0b,Cytoplasm,Cytoplasm,0.369140625,0.3860677083333332,0.142578125,0.15110677083333332,0.09375,0.13747829861111113,0.30859375,0.17775607638888888,0.0859375,0.14759114583333333
Q9UKP6,Membrane,Q9UKP6__d087ceef1b9278da,Membrane,Membrane,0.029296875,0.10878906249999999,0.845703125,0.5036582341269842,0.033203125,0.13997395833333331,0.0234375,0.0808376736111111,0.068359375,0.16674107142857142
Q9UKU7,Mitochondrion,Q9UKU7__b966855af03e654d,Mitochondrion,Cytoplasm,0.2109375,0.23420138888888886,0.22265625,0.22669270833333333,0.283203125,0.2321893601190476,0.119140625,0.1814205109126984,0.1640625,0.12549603174603174
Q9ULC6,Cytoplasm,Q9ULC6__0f3ae0eb7a1c534a,Cytoplasm,Cytoplasm,0.341796875,0.23801773313492058,0.251953125,0.23389136904761904,0.146484375,0.20109718840187585,0.162109375,0.18444658639971143,0.09765625,0.142547123015873
Q9ULW8,Cytoplasm,Q9ULC6__0f3ae0eb7a1c534a,Membrane,Membrane,0.271484375,0.2112754216269841,0.294921875,0.35367373511904765,0.111328125,0.1332589285714286,0.142578125,0.16180245535714285,0.1796875,0.1399894593253968
Q9UMN6,Nucleus,Q9UMN6__de18f861b4c46b27,Nucleus,Nucleus,0.1328125,0.1712611607142857,0.078125,0.15594618055555556,0.0390625,0.0783296130952381,0.6953125,0.487490699404762,0.0546875,0.10697234623015874
Q9UNA4,Nucleus,Q9UNA4__df3550f14cbcc7b7,Nucleus,Cytoplasm,0.37890625,0.3865919237012987,0.0859375,0.09857080853174602,0.02734375,0.10443328373015874,0.48046875,0.33680921942640696,0.02734375,0.07359476461038962
Q9UNN4,Nucleus,Q9UNN4__b5cd89c3ad2883e5,Nucleus,Cytoplasm,0.302734375,0.2813852813852814,0.1796875,0.19013516865079366,0.072265625,0.11494295634920636,0.330078125,0.23866370174963922,0.115234375,0.17487289186507937
Q9UPN7,Cytoplasm,Q9UPN7__58c38cc273875105,Cytoplasm,Nucleus,0.4609375,0.34485677083333344,0.09375,0.1499162946428571,0.02734375,0.06141183035714286,0.376953125,0.3481212797619048,0.041015625,0.09569382440476189
Q9Y222,Nucleus,Q9Y222__65cc85e3ba0df59f,Cytoplasm,Cytoplasm,0.349609375,0.3377046130952381,0.19140625,0.2149305555555555,0.0546875,0.11670842816293181,0.322265625,0.23099341299019613,0.08203125,0.09966299019607844
Q9Y2J8,Cytoplasm,Q9ULC6__0f3ae0eb7a1c534a,Cytoplasm,Membrane,0.375,0.282514880952381,0.28125,0.3220796130952381,0.09375,0.13950272817460319,0.154296875,0.15732266865079367,0.095703125,0.09858010912698413
Q9Y2Q9,Mitochondrion,Q9Y2Q9__b86f30b2c6c9debb,Mitochondrion,Mitochondrion,0.23046875,0.21120468073593063,0.12109375,0.11143353174603174,0.279296875,0.3079700464466089,0.216796875,0.17483258928571427,0.15234375,0.19455915178571428
Q9Y2T6,Membrane,O00155__fe488629acdd126c,Membrane,Membrane,0.044921875,0.09307725694444444,0.86328125,0.5906250000000001,0.03515625,0.06243489583333333,0.009765625,0.07220052083333334,0.046875,0.1816623263888889
Q9Y3D3,Mitochondrion,Q9Y3D3__3864761589c6a6f7,Secreted,Mitochondrion,0.14453125,0.13635659045815296,0.111328125,0.10054338023088022,0.24609375,0.3239573143870019,0.1171875,0.1261569376803752,0.380859375,0.3129857772435898
Q9Y3D9,Mitochondrion,Q9Y3D9__e0a03956bb5e87b4,Mitochondrion,Mitochondrion,0.248046875,0.2526450329184704,0.05859375,0.10130518353174603,0.345703125,0.3016456416847042,0.2734375,0.2462797619047619,0.07421875,0.09812437996031745
Q9Y483,Nucleus,Q5T6S3__af73fe5aa7102fec,Nucleus,Cytoplasm,0.16796875,0.28902839781746026,0.181640625,0.1719370039682539,0.095703125,0.10143229166666666,0.3828125,0.2619605654761905,0.171875,0.17564174107142858
Q9Y4Y9,Nucleus,P62310__01bd9cf6dde1b1e7,Secreted,Secreted,0.23828125,0.24658132665945165,0.16796875,0.14605147456709958,0.107421875,0.15784792464479966,0.20703125,0.17586241883116885,0.279296875,0.27365685529748024
Q9Y575,Cytoplasm,Q9Y575__f7e723e4c3525d55,Membrane,Membrane,0.181640625,0.18644554230491725,0.486328125,0.44676959325396826,0.12109375,0.14360372700216453,0.080078125,0.10668712797619048,0.130859375,0.11649400946275947
Q9Y5P8,Nucleus,Q9Y5P8__239ba259b6fe3d3e,Cytoplasm,Cytoplasm,0.490234375,0.33863467261904756,0.173828125,0.15850074404761902,0.04296875,0.13525211767399267,0.224609375,0.20678943452380943,0.068359375,0.16082303113553115
Q9Y5X4,Nucleus,P10588__5aad59d1ef387f90,Membrane,Nucleus,0.201171875,0.20612599206349214,0.23828125,0.17441462617243866,0.138671875,0.1392834595959596,0.203125,0.2662667410714285,0.21875,0.2139091810966811
Q9Y6J0,Nucleus,Q9Y6J0__4cfd3013deedb67f,Nucleus,Cytoplasm,0.44140625,0.4281622023809523,0.064453125,0.09073040674603174,0.01953125,0.051515997023809525,0.458984375,0.40601748511904756,0.015625,0.02357390873015873
Q9Y6X0,Nucleus,Q9Y6X0__bdd2e8e4bb9e09a7,Nucleus,Nucleus,0.03515625,0.08037574404761905,0.025390625,0.06067708333333333,0.00390625,0.025148809523809525,0.9296875,0.7953683035714286,0.005859375,0.038430059523809526
