A0A0J9YXV3	A0A0J9YXV3	1.000	1.000	1.000
D3DTV9	D3DTV9	1.000	1.000	1.000
O14717	O14717	1.000	1.000	1.000
O43583	O43583	1.000	1.000	1.000
O75164	O75164	1.000	1.000	1.000
O75164	O94953	0.505	0.977	0.967
O94813	O94813	1.000	1.000	1.000
O96019	O96019	1.000	1.000	1.000
P02724	P02724	1.000	1.000	1.000
P07910	P07910	1.000	1.000	1.000
P0DPK4	P0DPK4	1.000	1.000	1.000
P0DPK4	P0DPK3	0.968	0.874	0.938
P14384	P14384	1.000	1.000	1.000
P20062	P20062	1.000	1.000	1.000
P24864	P24864	1.000	1.000	1.000
P24864	O96020	0.552	0.810	0.822
P29762	P29762	1.000	1.000	1.000
P34981	P34981	1.000	1.000	1.000
P41214	P41214	1.000	1.000	1.000
P47898	P47898	1.000	1.000	1.000
P47898	P30939	0.367	0.860	0.907
P47898	P28222	0.374	0.866	0.849
P47898	P28221	0.353	0.852	0.859
P47898	P28566	0.355	0.843	0.899
P47898	P35462	0.322	0.840	0.890
P50895	P50895	1.000	1.000	1.000
P55000	P55000	1.000	1.000	1.000
P62495	P62495	1.000	1.000	1.000
P82932	P82932	1.000	1.000	1.000
Q06141	Q06141	1.000	1.000	1.000
Q13219	Q13219	1.000	1.000	1.000
Q14213	Q14213	1.000	1.000	1.000
Q15389	Q15389	1.000	1.000	1.000
Q15389	O15123	0.620	0.962	0.962
Q16822	Q16822	1.000	1.000	1.000
Q49AH0	Q49AH0	1.000	1.000	1.000
Q5R3K3	Q5R3K3	1.000	1.000	1.000
Q5VYX0	Q5VYX0	1.000	1.000	1.000
Q6NUP7	Q6NUP7	1.000	1.000	1.000
Q6UWR7	Q6UWR7	1.000	1.000	1.000
Q6UWR7	Q9Y6X5	0.338	0.886	0.817
Q6UWR7	Q6UWV6	0.313	0.966	0.910
Q6ZVX9	Q6ZVX9	1.000	1.000	1.000
Q6ZVX9	Q6TCH4	0.334	0.859	0.895
Q7Z5A8	Q7Z5A8	1.000	1.000	1.000
Q7Z5A8	Q7Z5A7	0.436	0.820	0.826
Q86XI2	Q86XI2	1.000	1.000	1.000
Q8IYJ3	Q8IYJ3	1.000	1.000	1.000
Q8N5N4	Q8N5N4	1.000	1.000	1.000
Q8NEV9	Q8NEV9	1.000	1.000	1.000
Q8TDR4	Q8TDR4	1.000	1.000	1.000
Q8WX77	Q8WX77	1.000	1.000	1.000
Q969U6	Q969U6	1.000	1.000	1.000
Q96FE7	Q96FE7	1.000	1.000	1.000
Q96L08	Q96L08	1.000	1.000	1.000
Q96RP3	Q96RP3	1.000	1.000	1.000
Q99988	Q99988	1.000	1.000	1.000
Q9BUT1	Q9BUT1	1.000	1.000	1.000
Q9BUT1	Q9BPX1	0.322	0.992	0.911
Q9BYC2	Q9BYC2	1.000	1.000	1.000
Q9GZV8	Q9GZV8	1.000	1.000	1.000
Q9H3Y6	Q9H3Y6	1.000	1.000	1.000
Q9H9S0	Q9H9S0	1.000	1.000	1.000
Q9H9S0	Q6NSW7	0.990	1.000	1.000
Q9HD33	Q9HD33	1.000	1.000	1.000
Q9NRP2	Q9NRP2	1.000	1.000	1.000
Q9NY74	Q9NY74	1.000	1.000	1.000
Q9P296	Q9P296	1.000	1.000	1.000
Q9P296	Q99788	0.304	0.866	0.839
Q9P296	P25090	0.324	0.831	0.863
Q9P296	P21462	0.309	0.810	0.843
Q9UI32	Q9UI32	1.000	1.000	1.000
Q9ULC4	Q9ULC4	1.000	1.000	1.000
Q9Y2D0	Q9Y2D0	1.000	1.000	1.000
Q9Y2D0	P35218	0.641	0.880	0.915
Q9Y4C4	Q9Y4C4	1.000	1.000	1.000
A0A455ZAR2	A0A455ZAR2	1.000	1.000	1.000
D3W0D1	D3W0D1	1.000	1.000	1.000
O14727	O14727	1.000	1.000	1.000
O43613	O43613	1.000	1.000	1.000
O43613	O43614	0.691	0.955	0.919
O75170	O75170	1.000	1.000	1.000
O94864	O94864	1.000	1.000	1.000
O96020	O96020	1.000	1.000	1.000
O96020	P24864	0.552	0.822	0.810
P02753	P02753	1.000	1.000	1.000
P08069	P08069	1.000	1.000	1.000
P0DSE2	P0DSE2	1.000	1.000	1.000
P0DSE2	P0DTU4	0.774	1.000	1.000
P14784	P14784	1.000	1.000	1.000
P20273	P20273	1.000	1.000	1.000
P25089	P25089	1.000	1.000	1.000
P25089	P25090	0.722	1.000	1.000
P25089	P21462	0.585	0.997	0.997
P25089	Q99788	0.372	0.875	0.826
P25089	P46091	0.349	0.921	0.893
P29972	P29972	1.000	1.000	1.000
P34982	P34982	1.000	1.000	1.000
P34982	Q9P1Q5	0.500	0.968	0.974
P34982	Q9Y585	0.480	0.968	0.974
P34982	Q8NHC4	0.398	0.971	0.981
P34982	Q8NGD0	0.381	0.984	0.981
P34982	A6NND4	0.348	0.946	0.928
P34982	Q8TCB6	0.308	0.962	0.950
P41229	P41229	1.000	1.000	1.000
P41229	Q9BY66	0.852	0.993	0.995
P41229	Q9UGL1	0.527	0.828	0.808
P47900	P47900	1.000	1.000	1.000
P50914	P50914	1.000	1.000	1.000
P55197	P55197	1.000	1.000	1.000
P62829	P62829	1.000	1.000	1.000
P82933	P82933	1.000	1.000	1.000
Q06278	Q06278	1.000	1.000	1.000
Q13241	Q13241	1.000	1.000	1.000
Q14241	Q14241	1.000	1.000	1.000
Q15406	Q15406	1.000	1.000	1.000
Q16828	Q16828	1.000	1.000	1.000
Q16828	Q16829	0.719	0.955	0.871
Q16828	Q13115	0.340	0.895	0.820
Q4G0N4	Q4G0N4	1.000	1.000	1.000
Q5SQ64	Q5SQ64	1.000	1.000	1.000
Q5VZE5	Q5VZE5	1.000	1.000	1.000
Q6P161	Q6P161	1.000	1.000	1.000
Q6UWS5	Q6UWS5	1.000	1.000	1.000
Q6ZWK4	Q6ZWK4	1.000	1.000	1.000
Q7Z5A9	Q7Z5A9	1.000	1.000	1.000
Q7Z5A9	Q96LR4	0.619	0.910	0.864
Q86XT4	Q86XT4	1.000	1.000	1.000
Q8IYL3	Q8IYL3	1.000	1.000	1.000
Q8N5N7	Q8N5N7	1.000	1.000	1.000
Q8NEX9	Q8NEX9	1.000	1.000	1.000
Q8TDS4	Q8TDS4	1.000	1.000	1.000
Q8TDS4	P49019	0.953	0.997	0.935
Q8TDS4	Q9BXC0	0.558	0.871	0.902
Q8TDS4	O00270	0.351	0.835	0.953
Q8WXB1	Q8WXB1	1.000	1.000	1.000
Q8WXB1	Q9H867	0.361	0.959	0.965
Q96A35	Q96A35	1.000	1.000	1.000
Q96G04	Q96G04	1.000	1.000	1.000
Q96LA5	Q96LA5	1.000	1.000	1.000
Q96RU7	Q96RU7	1.000	1.000	1.000
Q9BPX1	Q9BPX1	1.000	1.000	1.000
Q9BPX1	Q9BUT1	0.322	0.911	0.992
Q9BUU2	Q9BUU2	1.000	1.000	1.000
Q9BYC8	Q9BYC8	1.000	1.000	1.000
Q9GZV9	Q9GZV9	1.000	1.000	1.000
Q9H400	Q9H400	1.000	1.000	1.000
Q9H9V9	Q9H9V9	1.000	1.000	1.000
Q9HD40	Q9HD40	1.000	1.000	1.000
Q9NRR1	Q9NRR1	1.000	1.000	1.000
Q9NY91	Q9NY91	1.000	1.000	1.000
Q9P2A4	Q9P2A4	1.000	1.000	1.000
Q9UI33	Q9UI33	1.000	1.000	1.000
Q9UI33	P35499	0.501	0.968	0.940
Q9UI33	Q99250	0.480	0.978	0.964
Q9UI33	P35498	0.470	0.973	0.958
Q9ULC6	Q9ULC6	1.000	1.000	1.000
Q9ULC6	Q9ULW8	0.575	1.000	1.000
Q9ULC6	Q9Y2J8	0.521	1.000	1.000
Q9Y2D9	Q9Y2D9	1.000	1.000	1.000
Q9Y4H4	Q9Y4H4	1.000	1.000	1.000
A0AVK6	A0AVK6	1.000	1.000	1.000
D6RGH6	D6RGH6	1.000	1.000	1.000
O14732	O14732	1.000	1.000	1.000
O14732	P29218	0.534	0.955	0.993
O43614	O43614	1.000	1.000	1.000
O43614	O43613	0.687	0.921	0.958
O75326	O75326	1.000	1.000	1.000
O94885	O94885	1.000	1.000	1.000
P00450	P00450	1.000	1.000	1.000
P02774	P02774	1.000	1.000	1.000
P08217	P08217	1.000	1.000	1.000
P08217	Q9GZN4	0.346	0.974	0.842
P08217	P00746	0.348	0.948	0.949
P08217	P49862	0.329	0.985	0.953
P0DTU3	P0DTU3	1.000	1.000	1.000
P15144	P15144	1.000	1.000	1.000
P15144	Q07075	0.357	0.928	0.907
P20594	P20594	1.000	1.000	1.000
P25090	P25090	1.000	1.000	1.000
P25090	P25089	0.722	1.000	1.000
P25090	P21462	0.688	0.997	0.997
P25090	Q99788	0.378	0.869	0.815
P25090	P46091	0.334	0.926	0.921
P25090	Q9P296	0.311	0.863	0.831
P30043	P30043	1.000	1.000	1.000
P34998	P34998	1.000	1.000	1.000
P34998	Q13324	0.745	0.896	0.905
P34998	P47871	0.314	0.913	0.870
P41247	P41247	1.000	1.000	1.000
P47901	P47901	1.000	1.000	1.000
P51398	P51398	1.000	1.000	1.000
P55317	P55317	1.000	1.000	1.000
P62841	P62841	1.000	1.000	1.000
P83110	P83110	1.000	1.000	1.000
Q06520	Q06520	1.000	1.000	1.000
Q06520	P0DMM9	0.380	0.919	0.905
Q06520	P50225	0.373	0.919	0.905
Q06520	O43704	0.414	0.870	0.861
Q13285	Q13285	1.000	1.000	1.000
Q14246	Q14246	1.000	1.000	1.000
Q15424	Q15424	1.000	1.000	1.000
Q16829	Q16829	1.000	1.000	1.000
Q16829	Q16828	0.719	0.871	0.955
Q4G176	Q4G176	1.000	1.000	1.000
Q5SSG8	Q5SSG8	1.000	1.000	1.000
Q5VZI3	Q5VZI3	1.000	1.000	1.000
Q6P1J9	Q6P1J9	1.000	1.000	1.000
Q6UWT2	Q6UWT2	1.000	1.000	1.000
Q70Z53	Q70Z53	1.000	1.000	1.000
Q7Z5W3	Q7Z5W3	1.000	1.000	1.000
Q86XT9	Q86XT9	1.000	1.000	1.000
Q8IYR6	Q8IYR6	1.000	1.000	1.000
Q8N5P1	Q8N5P1	1.000	1.000	1.000
Q8NEY3	Q8NEY3	1.000	1.000	1.000
Q8TDS7	Q8TDS7	1.000	1.000	1.000
Q8TDS7	Q96LA9	0.455	0.869	0.860
Q8TDS7	Q86SM8	0.398	0.869	0.872
Q8TDS7	P04201	0.362	0.819	0.803
Q8WXC3	Q8WXC3	1.000	1.000	1.000
Q96A37	Q96A37	1.000	1.000	1.000
Q96G61	Q96G61	1.000	1.000	1.000
Q96G61	Q9NZJ9	0.919	0.982	0.889
Q96LA6	Q96LA6	1.000	1.000	1.000
Q96LA6	Q6DN72	0.308	0.890	0.857
Q96S53	Q96S53	1.000	1.000	1.000
Q9BPZ2	Q9BPZ2	1.000	1.000	1.000
Q9BUV0	Q9BUV0	1.000	1.000	1.000
Q9BYC9	Q9BYC9	1.000	1.000	1.000
Q9GZY6	Q9GZY6	1.000	1.000	1.000
Q9H425	Q9H425	1.000	1.000	1.000
Q9HAB3	Q9HAB3	1.000	1.000	1.000
Q9HAB3	Q9NWF4	0.865	0.996	0.996
Q9NNW5	Q9NNW5	1.000	1.000	1.000
Q9NRV9	Q9NRV9	1.000	1.000	1.000
Q9NYB5	Q9NYB5	1.000	1.000	1.000
Q9P2D8	Q9P2D8	1.000	1.000	1.000
Q9UI36	Q9UI36	1.000	1.000	1.000
Q9ULD4	Q9ULD4	1.000	1.000	1.000
Q9Y2E5	Q9Y2E5	1.000	1.000	1.000
Q9Y4K4	Q9Y4K4	1.000	1.000	1.000
A0PJY2	A0PJY2	1.000	1.000	1.000
G2XKQ0	G2XKQ0	1.000	1.000	1.000
O14798	O14798	1.000	1.000	1.000
O43653	O43653	1.000	1.000	1.000
O75355	O75355	1.000	1.000	1.000
O94888	O94888	1.000	1.000	1.000
P00540	P00540	1.000	1.000	1.000
P02776	P02776	1.000	1.000	1.000
P08473	P08473	1.000	1.000	1.000
P08473	P42892	0.389	0.984	0.940
P08473	P78562	0.366	0.925	0.929
P0DTU4	P0DTU4	1.000	1.000	1.000
P0DTU4	P0DSE2	0.774	1.000	1.000
P15260	P15260	1.000	1.000	1.000
P20702	P20702	1.000	1.000	1.000
P20702	Q13349	0.660	0.980	0.979
P25105	P25105	1.000	1.000	1.000
P25105	Q9H244	0.325	0.863	0.848
P25105	Q15743	0.305	0.918	0.825
P30050	P30050	1.000	1.000	1.000
P35030	P35030	1.000	1.000	1.000
P41279	P41279	1.000	1.000	1.000
P47914	P47914	1.000	1.000	1.000
P51449	P51449	1.000	1.000	1.000
P51449	P35398	0.500	0.965	0.885
P55808	P55808	1.000	1.000	1.000
P62851	P62851	1.000	1.000	1.000
P83111	P83111	1.000	1.000	1.000
Q07075	Q07075	1.000	1.000	1.000
Q07075	P15144	0.357	0.907	0.928
Q13310	Q13310	1.000	1.000	1.000
Q13310	Q4VXU2	0.654	0.975	0.985
Q14249	Q14249	1.000	1.000	1.000
Q15428	Q15428	1.000	1.000	1.000
Q16832	Q16832	1.000	1.000	1.000
Q4KMQ2	Q4KMQ2	1.000	1.000	1.000
Q4KMQ2	Q32M45	0.449	0.957	0.906
Q4KMQ2	Q9NQ90	0.373	0.907	0.865
Q5SW96	Q5SW96	1.000	1.000	1.000
Q5W186	Q5W186	1.000	1.000	1.000
Q6P1L8	Q6P1L8	1.000	1.000	1.000
Q6UWV6	Q6UWV6	1.000	1.000	1.000
Q6UWV6	Q6UWR7	0.312	0.904	0.959
Q719H9	Q719H9	1.000	1.000	1.000
Q719H9	Q96SI1	0.797	1.000	0.908
Q7Z6A9	Q7Z6A9	1.000	1.000	1.000
Q86Y13	Q86Y13	1.000	1.000	1.000
Q8IYW5	Q8IYW5	1.000	1.000	1.000
Q8N5Y2	Q8N5Y2	1.000	1.000	1.000
Q8NEZ4	Q8NEZ4	1.000	1.000	1.000
Q8NEZ4	O14686	0.313	0.973	0.988
Q8TDU6	Q8TDU6	1.000	1.000	1.000
Q8WXI8	Q8WXI8	1.000	1.000	1.000
Q8WXI8	Q8WTT0	0.431	0.958	0.958
Q8WXI8	Q6EIG7	0.409	0.870	0.871
Q96A54	Q96A54	1.000	1.000	1.000
Q96A54	Q86V24	0.737	0.925	0.896
Q96G74	Q96G74	1.000	1.000	1.000
Q96LA9	Q96LA9	1.000	1.000	1.000
Q96LA9	Q8TDS7	0.427	0.947	0.966
Q96LA9	Q86SM8	0.381	0.888	0.904
Q96LA9	P04201	0.388	0.811	0.812
Q96S96	Q96S96	1.000	1.000	1.000
Q9BPZ3	Q9BPZ3	1.000	1.000	1.000
Q9BV44	Q9BV44	1.000	1.000	1.000
Q9BYD1	Q9BYD1	1.000	1.000	1.000
Q9H0A6	Q9H0A6	1.000	1.000	1.000
Q9H469	Q9H469	1.000	1.000	1.000
Q9HAC7	Q9HAC7	1.000	1.000	1.000
Q9NP55	Q9NP55	1.000	1.000	1.000
Q9NRW4	Q9NRW4	1.000	1.000	1.000
Q9NYJ1	Q9NYJ1	1.000	1.000	1.000
Q9P2M1	Q9P2M1	1.000	1.000	1.000
Q9UI40	Q9UI40	1.000	1.000	1.000
Q9UI40	Q9HC58	0.392	0.829	0.856
Q9ULD5	Q9ULD5	1.000	1.000	1.000
Q9Y2I2	Q9Y2I2	1.000	1.000	1.000
Q9Y2I2	Q96CW9	0.599	0.950	0.970
Q9Y4X0	Q9Y4X0	1.000	1.000	1.000
A1L167	A1L167	1.000	1.000	1.000
H3BV60	H3BV60	1.000	1.000	1.000
O14804	O14804	1.000	1.000	1.000
O14804	Q969N4	0.442	0.953	0.965
O14804	Q96RI8	0.442	0.953	0.957
O43679	O43679	1.000	1.000	1.000
O75363	O75363	1.000	1.000	1.000
O94892	O94892	1.000	1.000	1.000
O94892	Q6ECI4	0.441	0.989	0.912
O94892	Q9NYW8	0.438	0.992	0.982
O94892	Q9NZL3	0.427	0.998	0.959
O94892	Q8TF45	0.422	0.994	0.996
O94892	Q03923	0.436	0.988	0.990
O94892	Q9Y2P7	0.430	0.948	0.986
O94892	P21506	0.399	0.988	0.974
O94892	Q8NEP9	0.386	0.952	0.943
O94892	Q8WV37	0.450	0.824	0.964
O94892	Q9UJL9	0.370	0.817	0.856
P00739	P00739	1.000	1.000	1.000
P02778	P02778	1.000	1.000	1.000
P08476	P08476	1.000	1.000	1.000
P0DXC1	P0DXC1	1.000	1.000	1.000
P15374	P15374	1.000	1.000	1.000
P20809	P20809	1.000	1.000	1.000
P25929	P25929	1.000	1.000	1.000
P25929	P50391	0.461	0.875	0.899
P30273	P30273	1.000	1.000	1.000
P35218	P35218	1.000	1.000	1.000
P35218	Q9Y2D0	0.641	0.915	0.880
P35218	P22748	0.315	0.866	0.859
P41594	P41594	1.000	1.000	1.000
P48048	P48048	1.000	1.000	1.000
P51531	P51531	1.000	1.000	1.000
P51531	P51532	0.735	0.997	0.998
P56177	P56177	1.000	1.000	1.000
P62888	P62888	1.000	1.000	1.000
P83731	P83731	1.000	1.000	1.000
Q07108	Q07108	1.000	1.000	1.000
Q13319	Q13319	1.000	1.000	1.000
Q14320	Q14320	1.000	1.000	1.000
Q15543	Q15543	1.000	1.000	1.000
Q16851	Q16851	1.000	1.000	1.000
Q4U2R6	Q4U2R6	1.000	1.000	1.000
Q5SXM8	Q5SXM8	1.000	1.000	1.000
Q5XKR4	Q5XKR4	1.000	1.000	1.000
Q6P1M3	Q6P1M3	1.000	1.000	1.000
Q6UWY5	Q6UWY5	1.000	1.000	1.000
Q6UWY5	Q9NRN5	0.330	0.973	0.983
Q71SY5	Q71SY5	1.000	1.000	1.000
Q7Z6J8	Q7Z6J8	1.000	1.000	1.000
Q86Y34	Q86Y34	1.000	1.000	1.000
Q8IZD6	Q8IZD6	1.000	1.000	1.000
Q8N5Z5	Q8N5Z5	1.000	1.000	1.000
Q8NFD5	Q8NFD5	1.000	1.000	1.000
Q8NFD5	O14497	0.527	0.870	0.947
Q8TDY4	Q8TDY4	1.000	1.000	1.000
Q8WZ60	Q8WZ60	1.000	1.000	1.000
Q96A58	Q96A58	1.000	1.000	1.000
Q96GA3	Q96GA3	1.000	1.000	1.000
Q96LB8	Q96LB8	1.000	1.000	1.000
Q96LB8	Q96LB9	0.618	0.997	0.991
Q96SD1	Q96SD1	1.000	1.000	1.000
Q9BQ48	Q9BQ48	1.000	1.000	1.000
Q9BV86	Q9BV86	1.000	1.000	1.000
Q9BYD2	Q9BYD2	1.000	1.000	1.000
Q9H0A9	Q9H0A9	1.000	1.000	1.000
Q9H4B0	Q9H4B0	1.000	1.000	1.000
Q9HAD4	Q9HAD4	1.000	1.000	1.000
Q9NP86	Q9NP86	1.000	1.000	1.000
Q9NRX2	Q9NRX2	1.000	1.000	1.000
Q9NYK5	Q9NYK5	1.000	1.000	1.000
Q9P2R6	Q9P2R6	1.000	1.000	1.000
Q9UI42	Q9UI42	1.000	1.000	1.000
Q9ULI0	Q9ULI0	1.000	1.000	1.000
Q9ULI0	Q6PL18	0.511	0.888	0.891
Q9Y2I9	Q9Y2I9	1.000	1.000	1.000
Q9Y4Y9	Q9Y4Y9	1.000	1.000	1.000
Q9Y4Y9	P62310	0.349	0.912	0.804
A1L188	A1L188	1.000	1.000	1.000
L0R819	L0R819	1.000	1.000	1.000
O14817	O14817	1.000	1.000	1.000
O14817	P19075	0.376	0.933	0.958
O14817	P48509	0.339	0.920	0.909
O43692	O43692	1.000	1.000	1.000
O75394	O75394	1.000	1.000	1.000
O94913	O94913	1.000	1.000	1.000
P00740	P00740	1.000	1.000	1.000
P00740	P08709	0.407	0.926	0.871
P02818	P02818	1.000	1.000	1.000
P08514	P08514	1.000	1.000	1.000
P10092	P10092	1.000	1.000	1.000
P10092	P06881	0.875	1.000	1.000
P15884	P15884	1.000	1.000	1.000
P15884	P15923	0.521	1.000	1.000
P20936	P20936	1.000	1.000	1.000
P26012	P26012	1.000	1.000	1.000
P30291	P30291	1.000	1.000	1.000
P35237	P35237	1.000	1.000	1.000
P35237	P48594	0.465	1.000	1.000
P35237	P29508	0.462	1.000	1.000
P35237	P05121	0.331	0.936	0.871
P41597	P41597	1.000	1.000	1.000
P41597	P32246	0.587	0.818	0.882
P41597	P49238	0.463	0.816	0.862
P41597	O00421	0.398	0.853	0.936
P48061	P48061	1.000	1.000	1.000
P51532	P51532	1.000	1.000	1.000
P51532	P51531	0.737	0.998	0.997
P56277	P56277	1.000	1.000	1.000
P62891	P62891	1.000	1.000	1.000
P83876	P83876	1.000	1.000	1.000
Q08188	Q08188	1.000	1.000	1.000
Q08188	O95932	0.498	0.999	0.996
Q08188	O43548	0.446	0.993	0.989
Q13324	Q13324	1.000	1.000	1.000
Q13324	P34998	0.745	0.905	0.896
Q13324	P43220	0.301	0.871	0.823
Q14393	Q14393	1.000	1.000	1.000
Q15696	Q15696	1.000	1.000	1.000
Q16853	Q16853	1.000	1.000	1.000
Q4VXU2	Q4VXU2	1.000	1.000	1.000
Q4VXU2	Q13310	0.649	0.985	0.975
Q5SZB4	Q5SZB4	1.000	1.000	1.000
Q5XPI4	Q5XPI4	1.000	1.000	1.000
Q6P1Q9	Q6P1Q9	1.000	1.000	1.000
Q6P1Q9	Q96IZ6	0.984	1.000	1.000
Q6UWZ7	Q6UWZ7	1.000	1.000	1.000
Q76LX8	Q76LX8	1.000	1.000	1.000
Q7Z6M3	Q7Z6M3	1.000	1.000	1.000
Q86YD5	Q86YD5	1.000	1.000	1.000
Q8IZF0	Q8IZF0	1.000	1.000	1.000
Q8N608	Q8N608	1.000	1.000	1.000
Q8N608	P42658	0.528	0.975	0.903
Q8NFH8	Q8NFH8	1.000	1.000	1.000
Q8TE23	Q8TE23	1.000	1.000	1.000
Q8TE23	Q7RTX0	0.304	0.986	0.972
Q92484	Q92484	1.000	1.000	1.000
Q96A72	Q96A72	1.000	1.000	1.000
Q96GC5	Q96GC5	1.000	1.000	1.000
Q96LB9	Q96LB9	1.000	1.000	1.000
Q96LB9	Q96LB8	0.618	0.991	0.997
Q96SI1	Q96SI1	1.000	1.000	1.000
Q96SI1	Q719H9	0.797	0.908	1.000
Q9BQ65	Q9BQ65	1.000	1.000	1.000
Q9BV90	Q9BV90	1.000	1.000	1.000
Q9BYD3	Q9BYD3	1.000	1.000	1.000
Q9H0C3	Q9H0C3	1.000	1.000	1.000
Q9H4E5	Q9H4E5	1.000	1.000	1.000
Q9HAN9	Q9HAN9	1.000	1.000	1.000
Q9HAN9	Q96T66	0.512	0.896	0.917
Q9NP92	Q9NP92	1.000	1.000	1.000
Q9NRY2	Q9NRY2	1.000	1.000	1.000
Q9NYP3	Q9NYP3	1.000	1.000	1.000
Q9P2R7	Q9P2R7	1.000	1.000	1.000
Q9UI43	Q9UI43	1.000	1.000	1.000
Q9ULL4	Q9ULL4	1.000	1.000	1.000
Q9ULL4	O15031	0.401	0.972	0.982
Q9Y2J8	Q9Y2J8	1.000	1.000	1.000
Q9Y2J8	Q9ULW8	0.517	1.000	1.000
Q9Y2J8	Q9ULC6	0.521	1.000	1.000
Q9Y4Z0	Q9Y4Z0	1.000	1.000	1.000
A1L1A6	A1L1A6	1.000	1.000	1.000
M5A8F1	M5A8F1	1.000	1.000	1.000
O14842	O14842	1.000	1.000	1.000
O43704	O43704	1.000	1.000	1.000
O43704	P50225	0.537	0.986	0.986
O43704	P0DMM9	0.530	0.986	0.986
O43704	Q06520	0.414	0.861	0.870
O75461	O75461	1.000	1.000	1.000
O94941	O94941	1.000	1.000	1.000
P00746	P00746	1.000	1.000	1.000
P00746	P08217	0.338	0.960	0.959
P00746	P49862	0.314	0.901	0.874
P03971	P03971	1.000	1.000	1.000
P08709	P08709	1.000	1.000	1.000
P08709	P00740	0.407	0.871	0.926
P10155	P10155	1.000	1.000	1.000
P15923	P15923	1.000	1.000	1.000
P15923	P15884	0.518	1.000	1.000
P21246	P21246	1.000	1.000	1.000
P26373	P26373	1.000	1.000	1.000
P30414	P30414	1.000	1.000	1.000
P35268	P35268	1.000	1.000	1.000
P42081	P42081	1.000	1.000	1.000
P48067	P48067	1.000	1.000	1.000
P51575	P51575	1.000	1.000	1.000
P51575	P56373	0.465	0.892	0.887
P56373	P56373	1.000	1.000	1.000
P56373	P51575	0.465	0.887	0.892
P62899	P62899	1.000	1.000	1.000
P83881	P83881	1.000	1.000	1.000
Q08722	Q08722	1.000	1.000	1.000
Q13349	Q13349	1.000	1.000	1.000
Q13349	P20702	0.656	0.988	0.989
Q14406	Q14406	1.000	1.000	1.000
Q14406	P01241	0.792	1.000	1.000
Q17RH7	Q17RH7	1.000	1.000	1.000
Q502W6	Q502W6	1.000	1.000	1.000
Q5T0F9	Q5T0F9	1.000	1.000	1.000
Q60I27	Q60I27	1.000	1.000	1.000
Q6P1X5	Q6P1X5	1.000	1.000	1.000
Q6UX52	Q6UX52	1.000	1.000	1.000
Q76N89	Q76N89	1.000	1.000	1.000
Q7Z6M4	Q7Z6M4	1.000	1.000	1.000
Q86YH6	Q86YH6	1.000	1.000	1.000
Q8IZF2	Q8IZF2	1.000	1.000	1.000
Q8N6I1	Q8N6I1	1.000	1.000	1.000
Q8NFJ6	Q8NFJ6	1.000	1.000	1.000
Q8TE67	Q8TE67	1.000	1.000	1.000
Q8TE67	Q8TE68	0.304	0.990	0.945
Q92536	Q92536	1.000	1.000	1.000
Q96AH0	Q96AH0	1.000	1.000	1.000
Q96GX2	Q96GX2	1.000	1.000	1.000
Q96LR2	Q96LR2	1.000	1.000	1.000
Q96SN7	Q96SN7	1.000	1.000	1.000
Q96SN7	Q9BRQ5	0.567	0.870	0.908
Q9BQ69	Q9BQ69	1.000	1.000	1.000
Q9BVC5	Q9BVC5	1.000	1.000	1.000
Q9BYH8	Q9BYH8	1.000	1.000	1.000
Q9H0C5	Q9H0C5	1.000	1.000	1.000
Q9H0C5	Q9BX70	0.775	0.988	0.922
Q9H4I2	Q9H4I2	1.000	1.000	1.000
Q9H4I2	Q9UKY1	0.351	0.927	0.940
Q9H4I2	Q9Y6X8	0.329	0.983	0.981
Q9HAU0	Q9HAU0	1.000	1.000	1.000
Q9NP94	Q9NP94	1.000	1.000	1.000
Q9NS37	Q9NS37	1.000	1.000	1.000
Q9NYS0	Q9NYS0	1.000	1.000	1.000
Q9P2W1	Q9P2W1	1.000	1.000	1.000
Q9UIA0	Q9UIA0	1.000	1.000	1.000
Q9ULQ0	Q9ULQ0	1.000	1.000	1.000
Q9ULQ0	Q5VSL9	0.713	0.963	0.945
Q9Y2K2	Q9Y2K2	1.000	1.000	1.000
Q9Y575	Q9Y575	1.000	1.000	1.000
A1Z1Q3	A1Z1Q3	1.000	1.000	1.000
O00142	O00142	1.000	1.000	1.000
O14843	O14843	1.000	1.000	1.000
O14843	P46093	0.302	0.815	0.809
O43716	O43716	1.000	1.000	1.000
O75462	O75462	1.000	1.000	1.000
O94953	O94953	1.000	1.000	1.000
O94953	O75164	0.502	0.988	1.000
P00749	P00749	1.000	1.000	1.000
P03973	P03973	1.000	1.000	1.000
P03973	Q14508	0.346	0.902	0.887
P08729	P08729	1.000	1.000	1.000
P10242	P10242	1.000	1.000	1.000
P15976	P15976	1.000	1.000	1.000
P21291	P21291	1.000	1.000	1.000
P26715	P26715	1.000	1.000	1.000
P26715	P26717	0.760	1.000	1.000
P30518	P30518	1.000	1.000	1.000
P30518	P30559	0.437	0.841	0.810
P35318	P35318	1.000	1.000	1.000
P42127	P42127	1.000	1.000	1.000
P48163	P48163	1.000	1.000	1.000
P51654	P51654	1.000	1.000	1.000
P57071	P57071	1.000	1.000	1.000
P62906	P62906	1.000	1.000	1.000
P83916	P83916	1.000	1.000	1.000
Q08830	Q08830	1.000	1.000	1.000
Q13351	Q13351	1.000	1.000	1.000
Q14469	Q14469	1.000	1.000	1.000
Q15726	Q15726	1.000	1.000	1.000
Q1L6U9	Q1L6U9	1.000	1.000	1.000
Q504U0	Q504U0	1.000	1.000	1.000
Q5T1B0	Q5T1B0	1.000	1.000	1.000
Q63HM9	Q63HM9	1.000	1.000	1.000
Q63HM9	Q9NUJ7	0.337	0.928	0.916
Q6P2C8	Q6P2C8	1.000	1.000	1.000
Q6UX73	Q6UX73	1.000	1.000	1.000
Q7L266	Q7L266	1.000	1.000	1.000
Q7Z7F7	Q7Z7F7	1.000	1.000	1.000
Q86YR6	Q86YR6	1.000	1.000	1.000
Q8IZH2	Q8IZH2	1.000	1.000	1.000
Q8N729	Q8N729	1.000	1.000	1.000
Q8NFP4	Q8NFP4	1.000	1.000	1.000
Q8TE68	Q8TE68	1.000	1.000	1.000
Q8TE68	Q8TE67	0.302	0.945	0.990
Q92564	Q92564	1.000	1.000	1.000
Q96AV8	Q96AV8	1.000	1.000	1.000
Q96GX9	Q96GX9	1.000	1.000	1.000
Q96LR4	Q96LR4	1.000	1.000	1.000
Q96LR4	Q7Z5A9	0.619	0.864	0.910
Q96ST2	Q96ST2	1.000	1.000	1.000
Q9BQ83	Q9BQ83	1.000	1.000	1.000
Q9BVG3	Q9BVG3	1.000	1.000	1.000
Q9BYK8	Q9BYK8	1.000	1.000	1.000
Q9H0C8	Q9H0C8	1.000	1.000	1.000
Q9H4W6	Q9H4W6	1.000	1.000	1.000
Q9HAW0	Q9HAW0	1.000	1.000	1.000
Q9NP95	Q9NP95	1.000	1.000	1.000
Q9NS93	Q9NS93	1.000	1.000	1.000
Q9NYV7	Q9NYV7	1.000	1.000	1.000
Q9UBD9	Q9UBD9	1.000	1.000	1.000
Q9UIB8	Q9UIB8	1.000	1.000	1.000
Q9ULT6	Q9ULT6	1.000	1.000	1.000
Q9Y2L9	Q9Y2L9	1.000	1.000	1.000
Q9Y576	Q9Y576	1.000	1.000	1.000
Q9Y576	Q96DX5	0.304	0.878	0.864
Q9NUJ7	Q9NUJ7	1.000	1.000	1.000
Q9NUJ7	Q63HM9	0.337	0.916	0.928
Q9NZD4	Q9NZD4	1.000	1.000	1.000
Q9UBU7	Q9UBU7	1.000	1.000	1.000
Q9UK05	Q9UK05	1.000	1.000	1.000
Q9UK05	Q6KF10	0.307	0.811	0.802
Q9UJX5	Q9UJX5	1.000	1.000	1.000
Q9UMR7	Q9UMR7	1.000	1.000	1.000
Q9Y2Y4	Q9Y2Y4	1.000	1.000	1.000
Q9Y5X4	Q9Y5X4	1.000	1.000	1.000
Q9Y5X4	P10588	0.424	0.890	0.842
A6NND4	A6NND4	1.000	1.000	1.000
A6NND4	Q9P1Q5	0.377	0.928	0.951
A6NND4	Q9Y585	0.394	0.928	0.951
A6NND4	P34982	0.351	0.956	0.968
A6NND4	Q8NHC4	0.348	0.878	0.906
A6NND4	Q8NGD0	0.366	0.944	0.958
A6NND4	Q8TCB6	0.365	0.947	0.947
O00308	O00308	1.000	1.000	1.000
O15091	O15091	1.000	1.000	1.000
O60343	O60343	1.000	1.000	1.000
O75596	O75596	1.000	1.000	1.000
O95372	O95372	1.000	1.000	1.000
Q8IUI8	Q8IUI8	1.000	1.000	1.000
Q8N183	Q8N183	1.000	1.000	1.000
Q8N983	Q8N983	1.000	1.000	1.000
Q8NHJ6	Q8NHJ6	1.000	1.000	1.000
Q8TF66	Q8TF66	1.000	1.000	1.000
Q92754	Q92754	1.000	1.000	1.000
Q92754	P05549	0.640	1.000	1.000
Q96BP3	Q96BP3	1.000	1.000	1.000
Q96IJ6	Q96IJ6	1.000	1.000	1.000
Q96IJ6	Q9Y5P6	0.330	0.981	0.978
Q96NN9	Q96NN9	1.000	1.000	1.000
Q96T66	Q96T66	1.000	1.000	1.000
Q96T66	Q9HAN9	0.508	0.917	0.896
Q14833	Q14833	1.000	1.000	1.000
Q14833	Q14831	0.700	0.987	0.985
Q14833	Q14832	0.468	0.917	0.939
Q15910	Q15910	1.000	1.000	1.000
Q15910	Q92800	0.646	0.980	0.980
Q2M3G0	Q2M3G0	1.000	1.000	1.000
Q53TQ3	Q53TQ3	1.000	1.000	1.000
Q5TB30	Q5TB30	1.000	1.000	1.000
Q6B0I6	Q6B0I6	1.000	1.000	1.000
Q6PIZ9	Q6PIZ9	1.000	1.000	1.000
Q6V1X1	Q6V1X1	1.000	1.000	1.000
Q7RTR2	Q7RTR2	1.000	1.000	1.000
Q86TM3	Q86TM3	1.000	1.000	1.000
P59901	P59901	1.000	1.000	1.000
P59901	Q8N423	0.607	0.932	0.802
P78358	P78358	1.000	1.000	1.000
Q00604	Q00604	1.000	1.000	1.000
Q12809	Q12809	1.000	1.000	1.000
Q13564	Q13564	1.000	1.000	1.000
P31321	P31321	1.000	1.000	1.000
P31321	P10644	0.813	1.000	1.000
P35590	P35590	1.000	1.000	1.000
P42892	P42892	1.000	1.000	1.000
P42892	P08473	0.389	0.940	0.984
P42892	P78562	0.381	0.873	0.929
P49116	P49116	1.000	1.000	1.000
P51857	P51857	1.000	1.000	1.000
P51857	P42330	0.561	0.972	0.978
Q99678	Q99678	1.000	1.000	1.000
Q8TB37	Q8TB37	1.000	1.000	1.000
Q9UNA4	Q9UNA4	1.000	1.000	1.000
Q9Y333	Q9Y333	1.000	1.000	1.000
Q9Y5X5	Q9Y5X5	1.000	1.000	1.000
Q9H1Z4	Q9H1Z4	1.000	1.000	1.000
Q9H765	Q9H765	1.000	1.000	1.000
Q9HBJ8	Q9HBJ8	1.000	1.000	1.000
Q9NQ48	Q9NQ48	1.000	1.000	1.000
Q9BRF8	Q9BRF8	1.000	1.000	1.000
Q9BWX1	Q9BWX1	1.000	1.000	1.000
Q9BZ11	Q9BZ11	1.000	1.000	1.000
Q96NU7	Q96NU7	1.000	1.000	1.000
Q99250	Q99250	1.000	1.000	1.000
Q99250	P35498	0.872	0.997	1.000
Q99250	P35499	0.659	0.972	0.963
Q99250	Q9UI33	0.482	0.955	0.972
Q96IR7	Q96IR7	1.000	1.000	1.000
Q96C10	Q96C10	1.000	1.000	1.000
Q9Y3D5	Q9Y3D5	1.000	1.000	1.000
Q9UPN7	Q9UPN7	1.000	1.000	1.000
Q9UKP6	Q9UKP6	1.000	1.000	1.000
Q9H2W2	Q9H2W2	1.000	1.000	1.000
Q9H8M7	Q9H8M7	1.000	1.000	1.000
Q9HCC8	Q9HCC8	1.000	1.000	1.000
Q96E14	Q96E14	1.000	1.000	1.000
Q969F8	Q969F8	1.000	1.000	1.000
Q969F8	P41143	0.336	0.807	0.841
Q8WV60	Q8WV60	1.000	1.000	1.000
A2A3N6	A2A3N6	1.000	1.000	1.000
O00155	O00155	1.000	1.000	1.000
O00155	P49685	0.359	0.801	0.806
O00155	P30556	0.339	0.814	0.841
O00155	P35414	0.329	0.850	0.834
O00155	Q9P296	0.329	0.850	0.878
O14901	O14901	1.000	1.000	1.000
O43812	O43812	1.000	1.000	1.000
O75475	O75475	1.000	1.000	1.000
O95073	O95073	1.000	1.000	1.000
P00995	P00995	1.000	1.000	1.000
P04054	P04054	1.000	1.000	1.000
P08833	P08833	1.000	1.000	1.000
P10451	P10451	1.000	1.000	1.000
P16109	P16109	1.000	1.000	1.000
P21462	P21462	1.000	1.000	1.000
P21462	P25090	0.688	0.997	0.997
P21462	P25089	0.585	0.997	0.997
P21462	P46091	0.341	0.854	0.817
P21462	P30556	0.318	0.843	0.813
P21462	Q9P296	0.310	0.840	0.807
P26717	P26717	1.000	1.000	1.000
P26717	P26715	0.760	1.000	1.000
P30530	P30530	1.000	1.000	1.000
P35367	P35367	1.000	1.000	1.000
P42330	P42330	1.000	1.000	1.000
P42330	P51857	0.561	0.978	0.972
P48380	P48380	1.000	1.000	1.000
P51668	P51668	1.000	1.000	1.000
P57721	P57721	1.000	1.000	1.000
P62910	P62910	1.000	1.000	1.000
P84090	P84090	1.000	1.000	1.000
Q08ET2	Q08ET2	1.000	1.000	1.000
Q13387	Q13387	1.000	1.000	1.000
Q14508	Q14508	1.000	1.000	1.000
Q15743	Q15743	1.000	1.000	1.000
Q15743	P46093	0.515	0.844	0.851
Q1T7F1	Q1T7F1	1.000	1.000	1.000
Q50KZ9	Q50KZ9	1.000	1.000	1.000
Q50KZ9	Q9NYV7	0.307	0.927	0.931
Q5T2R2	Q5T2R2	1.000	1.000	1.000
Q659A1	Q659A1	1.000	1.000	1.000
Q6P2P2	Q6P2P2	1.000	1.000	1.000
Q6UXB2	Q6UXB2	1.000	1.000	1.000
Q7L2J0	Q7L2J0	1.000	1.000	1.000
Q7Z7G1	Q7Z7G1	1.000	1.000	1.000
Q86YT5	Q86YT5	1.000	1.000	1.000
Q86YT5	Q8WWT9	0.483	0.991	0.962
Q8IZI9	Q8IZI9	1.000	1.000	1.000
Q8IZI9	Q8IZJ0	0.959	1.000	0.980
Q8IZI9	Q8IU54	0.740	0.964	0.920
Q8N7E2	Q8N7E2	1.000	1.000	1.000
Q8NFT6	Q8NFT6	1.000	1.000	1.000
Q8TE85	Q8TE85	1.000	1.000	1.000
Q8TE85	Q9NZI5	0.453	0.922	0.960
Q92583	Q92583	1.000	1.000	1.000
Q92583	Q9Y258	0.310	0.894	0.926
Q92583	P51671	0.333	0.819	0.804
Q96B02	Q96B02	1.000	1.000	1.000
Q96H86	Q96H86	1.000	1.000	1.000
Q96LT9	Q96LT9	1.000	1.000	1.000
Q96SY0	Q96SY0	1.000	1.000	1.000
Q9BQ90	Q9BQ90	1.000	1.000	1.000
Q9BVI0	Q9BVI0	1.000	1.000	1.000
Q9BVI0	A8MW92	0.360	0.999	0.999
Q9BYN0	Q9BYN0	1.000	1.000	1.000
Q9H0F5	Q9H0F5	1.000	1.000	1.000
Q9H5V7	Q9H5V7	1.000	1.000	1.000
Q9HAW4	Q9HAW4	1.000	1.000	1.000
Q9NPB1	Q9NPB1	1.000	1.000	1.000
Q9NSB4	Q9NSB4	1.000	1.000	1.000
Q9NSB4	P13647	0.472	0.986	0.959
Q9NYW8	Q9NYW8	1.000	1.000	1.000
Q9NYW8	Q6ECI4	0.439	0.975	0.947
Q9NYW8	O94892	0.438	0.982	0.992
Q9NYW8	Q8TF45	0.418	0.978	0.990
Q9NYW8	Q03923	0.415	0.941	0.993
Q9NYW8	Q9NZL3	0.403	0.950	1.000
Q9NYW8	Q9Y2P7	0.408	0.978	0.982
Q9NYW8	Q8NEP9	0.385	0.972	0.928
Q9NYW8	P21506	0.358	0.978	0.974
Q9UBE0	Q9UBE0	1.000	1.000	1.000
Q9UIF8	Q9UIF8	1.000	1.000	1.000
Q9ULV1	Q9ULV1	1.000	1.000	1.000
Q9ULV1	Q9UP38	0.444	0.894	0.827
Q9Y2P7	Q9Y2P7	1.000	1.000	1.000
Q9Y2P7	Q8TF45	0.576	0.981	0.905
Q9Y2P7	Q03923	0.433	0.982	0.990
Q9Y2P7	Q9NYW8	0.408	0.982	0.978
Q9Y2P7	O94892	0.430	0.986	0.948
Q9Y2P7	Q9NZL3	0.416	0.976	0.864
Q9Y2P7	Q8NEP9	0.386	0.976	0.928
Q9Y2P7	Q8WV37	0.406	0.895	0.957
Q9Y2P7	P21506	0.394	0.962	1.000
Q9Y2P7	Q9UJL9	0.367	0.855	0.861
Q9Y585	Q9Y585	1.000	1.000	1.000
Q9Y585	Q9P1Q5	0.834	1.000	1.000
Q9Y585	P34982	0.480	0.974	0.968
Q9Y585	Q8NHC4	0.411	0.997	1.000
Q9Y585	Q8NGD0	0.391	0.961	0.952
Q9Y585	A6NND4	0.394	0.951	0.928
Q9Y585	Q8TCB6	0.330	0.968	0.950
A6H8Y1	A6H8Y1	1.000	1.000	1.000
O00161	O00161	1.000	1.000	1.000
O14931	O14931	1.000	1.000	1.000
O43827	O43827	1.000	1.000	1.000
O75509	O75509	1.000	1.000	1.000
O95104	O95104	1.000	1.000	1.000
P01023	P01023	1.000	1.000	1.000
P01023	A8K2U0	0.406	0.987	0.997
P04141	P04141	1.000	1.000	1.000
P08913	P08913	1.000	1.000	1.000
P08913	P18089	0.531	0.897	0.973
P08913	P28221	0.312	0.942	0.958
P08913	P28222	0.305	0.938	0.956
P08913	P21917	0.371	0.843	0.871
P08913	P35462	0.347	0.858	0.900
P10588	P10588	1.000	1.000	1.000
P10588	Q9Y5X4	0.427	0.842	0.890
P16220	P16220	1.000	1.000	1.000
P21506	P21506	1.000	1.000	1.000
P21506	Q03923	0.413	0.972	0.988
P21506	O94892	0.399	0.974	0.988
P21506	Q9NYW8	0.369	0.974	0.978
P21506	Q9Y2P7	0.394	1.000	0.962
P21506	Q8WV37	0.411	0.969	0.950
P21506	Q8TF45	0.393	0.977	0.868
P21506	Q9UJL9	0.431	0.942	0.873
P21506	Q9NZL3	0.378	0.972	0.868
P21506	Q8NEP9	0.387	0.977	0.893
P26718	P26718	1.000	1.000	1.000
P30542	P30542	1.000	1.000	1.000
P35398	P35398	1.000	1.000	1.000
P35398	P51449	0.498	0.885	0.965
P42574	P42574	1.000	1.000	1.000
P48436	P48436	1.000	1.000	1.000
P51671	P51671	1.000	1.000	1.000
P51671	P13500	0.704	0.990	0.990
P51671	Q92583	0.333	0.804	0.819
P57723	P57723	1.000	1.000	1.000
P62917	P62917	1.000	1.000	1.000
P84098	P84098	1.000	1.000	1.000
Q09428	Q09428	1.000	1.000	1.000
Q13404	Q13404	1.000	1.000	1.000
Q14520	Q14520	1.000	1.000	1.000
Q15744	Q15744	1.000	1.000	1.000
Q1W209	Q1W209	1.000	1.000	1.000
Q53GS9	Q53GS9	1.000	1.000	1.000
Q5T440	Q5T440	1.000	1.000	1.000
Q67FW5	Q67FW5	1.000	1.000	1.000
Q6P4F7	Q6P4F7	1.000	1.000	1.000
Q6UXB8	Q6UXB8	1.000	1.000	1.000
Q7L3B6	Q7L3B6	1.000	1.000	1.000
Q7Z7H8	Q7Z7H8	1.000	1.000	1.000
Q86Z20	Q86Z20	1.000	1.000	1.000
Q8IZJ0	Q8IZJ0	1.000	1.000	1.000
Q8IZJ0	Q8IZI9	0.959	0.980	1.000
Q8IZJ0	Q8IU54	0.722	0.955	0.930
Q8N7H5	Q8N7H5	1.000	1.000	1.000
Q8NFU5	Q8NFU5	1.000	1.000	1.000
Q8TEA1	Q8TEA1	1.000	1.000	1.000
Q92598	Q92598	1.000	1.000	1.000
Q96BF3	Q96BF3	1.000	1.000	1.000
Q96HJ9	Q96HJ9	1.000	1.000	1.000
Q96M94	Q96M94	1.000	1.000	1.000
Q96SZ4	Q96SZ4	1.000	1.000	1.000
Q96SZ4	O14978	0.328	0.987	0.994
Q9BQA5	Q9BQA5	1.000	1.000	1.000
Q9BVS4	Q9BVS4	1.000	1.000	1.000
Q9BYN7	Q9BYN7	1.000	1.000	1.000
Q9H0R6	Q9H0R6	1.000	1.000	1.000
Q9H5X1	Q9H5X1	1.000	1.000	1.000
Q9HB14	Q9HB14	1.000	1.000	1.000
Q9NPC7	Q9NPC7	1.000	1.000	1.000
Q9NSY1	Q9NSY1	1.000	1.000	1.000
Q9NYY1	Q9NYY1	1.000	1.000	1.000
Q9UBG3	Q9UBG3	1.000	1.000	1.000
Q9UII2	Q9UII2	1.000	1.000	1.000
Q9ULV5	Q9ULV5	1.000	1.000	1.000
Q9Y2Q9	Q9Y2Q9	1.000	1.000	1.000
Q9Y5A7	Q9Y5A7	1.000	1.000	1.000
A6NFX1	A6NFX1	1.000	1.000	1.000
O00175	O00175	1.000	1.000	1.000
O14948	O14948	1.000	1.000	1.000
O43829	O43829	1.000	1.000	1.000
O75525	O75525	1.000	1.000	1.000
O95136	O95136	1.000	1.000	1.000
P01033	P01033	1.000	1.000	1.000
P04155	P04155	1.000	1.000	1.000
P09001	P09001	1.000	1.000	1.000
P10644	P10644	1.000	1.000	1.000
P10644	P31321	0.813	1.000	1.000
P16233	P16233	1.000	1.000	1.000
P16233	P54315	0.673	1.000	1.000
P16233	Q9Y5X9	0.339	0.865	0.810
P21589	P21589	1.000	1.000	1.000
P26842	P26842	1.000	1.000	1.000
P30550	P30550	1.000	1.000	1.000
P35414	P35414	1.000	1.000	1.000
P35414	P49685	0.312	0.837	0.856
P35414	O00155	0.338	0.811	0.825
P35414	P30550	0.301	0.800	0.802
P42658	P42658	1.000	1.000	1.000
P42658	Q8N608	0.528	0.903	0.975
P48509	P48509	1.000	1.000	1.000
P48509	O14817	0.334	0.941	0.958
P51677	P51677	1.000	1.000	1.000
P51677	P32246	0.632	0.986	0.989
P51677	P51681	0.533	0.930	0.940
P51677	P51685	0.393	0.952	0.949
P51677	P49238	0.425	0.896	0.887
P51677	O00421	0.444	0.828	0.840
P51677	P30556	0.326	0.910	0.889
P58004	P58004	1.000	1.000	1.000
P86397	P86397	1.000	1.000	1.000
Q0P651	Q0P651	1.000	1.000	1.000
Q13405	Q13405	1.000	1.000	1.000
Q14562	Q14562	1.000	1.000	1.000
Q15760	Q15760	1.000	1.000	1.000
Q29RF7	Q29RF7	1.000	1.000	1.000
Q53H96	Q53H96	1.000	1.000	1.000
Q53H96	P32322	0.464	0.953	0.834
Q5T4T1	Q5T4T1	1.000	1.000	1.000
Q68CK6	Q68CK6	1.000	1.000	1.000
Q6P4Q7	Q6P4Q7	1.000	1.000	1.000
Q6UXH0	Q6UXH0	1.000	1.000	1.000
Q7L3V2	Q7L3V2	1.000	1.000	1.000
Q7Z7K0	Q7Z7K0	1.000	1.000	1.000
Q8HWS3	Q8HWS3	1.000	1.000	1.000
Q8IZP1	Q8IZP1	1.000	1.000	1.000
Q8N7J2	Q8N7J2	1.000	1.000	1.000
Q8NFW8	Q8NFW8	1.000	1.000	1.000
Q8TEC5	Q8TEC5	1.000	1.000	1.000
Q92637	Q92637	1.000	1.000	1.000
Q96BF6	Q96BF6	1.000	1.000	1.000
Q96HU1	Q96HU1	1.000	1.000	1.000
Q96MH2	Q96MH2	1.000	1.000	1.000
Q96SZ6	Q96SZ6	1.000	1.000	1.000
Q9BQC6	Q9BQC6	1.000	1.000	1.000
Q9BW04	Q9BW04	1.000	1.000	1.000
Q9BYN8	Q9BYN8	1.000	1.000	1.000
Q9H0U6	Q9H0U6	1.000	1.000	1.000
Q9H5Y7	Q9H5Y7	1.000	1.000	1.000
Q9HB65	Q9HB65	1.000	1.000	1.000
Q9NPF0	Q9NPF0	1.000	1.000	1.000
Q9NT62	Q9NT62	1.000	1.000	1.000
Q9NZ71	Q9NZ71	1.000	1.000	1.000
Q9UBH6	Q9UBH6	1.000	1.000	1.000
Q9UIL8	Q9UIL8	1.000	1.000	1.000
Q9ULW8	Q9ULW8	1.000	1.000	1.000
Q9ULW8	Q9ULC6	0.575	1.000	1.000
Q9ULW8	Q9Y2J8	0.517	1.000	1.000
Q9Y2R5	Q9Y2R5	1.000	1.000	1.000
Q9Y5J3	Q9Y5J3	1.000	1.000	1.000
Q9Y5J3	Q14469	0.332	0.845	0.896
A6NK58	A6NK58	1.000	1.000	1.000
O00221	O00221	1.000	1.000	1.000
O14978	O14978	1.000	1.000	1.000
O14978	Q96SZ4	0.342	0.994	0.987
O43914	O43914	1.000	1.000	1.000
O75526	O75526	1.000	1.000	1.000
O75526	P38159	0.734	1.000	1.000
O95180	O95180	1.000	1.000	1.000
P01034	P01034	1.000	1.000	1.000
P01034	P09228	0.564	1.000	1.000
P01034	P01036	0.557	1.000	1.000
P01034	P01037	0.551	1.000	1.000
P01034	P28325	0.510	0.986	0.986
P04180	P04180	1.000	1.000	1.000
P09228	P09228	1.000	1.000	1.000
P09228	P01036	0.879	1.000	1.000
P09228	P01037	0.858	1.000	1.000
P09228	P28325	0.560	0.993	0.993
P09228	P01034	0.564	1.000	1.000
P10997	P10997	1.000	1.000	1.000
P16298	P16298	1.000	1.000	1.000
P21675	P21675	1.000	1.000	1.000
P26951	P26951	1.000	1.000	1.000
P30556	P30556	1.000	1.000	1.000
P30556	P32246	0.350	0.833	0.823
P30556	P51681	0.305	0.833	0.830
P30556	Q99788	0.315	0.936	0.922
P30556	P51677	0.328	0.847	0.862
P30556	P21462	0.311	0.930	0.929
P30556	O00155	0.339	0.841	0.814
P30556	P41143	0.310	0.838	0.828
P30556	O00421	0.300	0.827	0.828
P35462	P35462	1.000	1.000	1.000
P35462	P21917	0.395	0.900	0.888
P35462	P28221	0.346	0.897	0.857
P35462	P08913	0.337	0.995	0.948
P35462	P18089	0.315	0.900	0.933
P35462	P28222	0.326	0.900	0.836
P35462	P30939	0.320	0.918	0.915
P35462	P28566	0.314	0.885	0.882
P35462	P47898	0.322	0.890	0.840
P42695	P42695	1.000	1.000	1.000
P48594	P48594	1.000	1.000	1.000
P48594	P29508	0.917	1.000	1.000
P48594	P35237	0.465	1.000	1.000
P48594	P05121	0.314	0.964	0.898
P51681	P51681	1.000	1.000	1.000
P51681	P32246	0.559	0.997	0.977
P51681	P51677	0.533	0.940	0.930
P51681	P51685	0.419	0.974	0.975
P51681	P49238	0.428	0.855	0.834
P51681	O00421	0.445	0.830	0.834
P51681	P30556	0.323	0.830	0.833
P58418	P58418	1.000	1.000	1.000
P63092	P63092	1.000	1.000	1.000
P63092	A8MTJ3	0.412	0.952	0.966
P63092	P09471	0.421	0.987	0.986
P98066	P98066	1.000	1.000	1.000
Q0VD83	Q0VD83	1.000	1.000	1.000
Q13461	Q13461	1.000	1.000	1.000
Q14627	Q14627	1.000	1.000	1.000
Q15762	Q15762	1.000	1.000	1.000
Q2HXU8	Q2HXU8	1.000	1.000	1.000
Q2HXU8	Q5QGZ9	0.338	0.982	0.966
Q53HV7	Q53HV7	1.000	1.000	1.000
Q5T4W7	Q5T4W7	1.000	1.000	1.000
Q68D06	Q68D06	1.000	1.000	1.000
Q6PEY1	Q6PEY1	1.000	1.000	1.000
Q6UXH8	Q6UXH8	1.000	1.000	1.000
Q7L513	Q7L513	1.000	1.000	1.000
Q86SM8	Q86SM8	1.000	1.000	1.000
Q86SM8	Q8TDS7	0.398	0.872	0.869
Q86SM8	Q96LA9	0.375	0.926	0.910
Q8IU54	Q8IU54	1.000	1.000	1.000
Q8IU54	Q8IZI9	0.740	0.920	0.964
Q8IU54	Q8IZJ0	0.722	0.930	0.955
Q8IZS7	Q8IZS7	1.000	1.000	1.000
Q8N8R7	Q8N8R7	1.000	1.000	1.000
Q8NG11	Q8NG11	1.000	1.000	1.000
Q8NG11	P62079	0.590	0.967	0.974
Q8TEZ7	Q8TEZ7	1.000	1.000	1.000
Q92665	Q92665	1.000	1.000	1.000
Q96BH3	Q96BH3	1.000	1.000	1.000
Q96HY7	Q96HY7	1.000	1.000	1.000
Q96N64	Q96N64	1.000	1.000	1.000
Q96T23	Q96T23	1.000	1.000	1.000
Q9BQN1	Q9BQN1	1.000	1.000	1.000
Q9BWC9	Q9BWC9	1.000	1.000	1.000
Q9BYP7	Q9BYP7	1.000	1.000	1.000
Q9H147	Q9H147	1.000	1.000	1.000
Q9H665	Q9H665	1.000	1.000	1.000
Q9HB96	Q9HB96	1.000	1.000	1.000
Q9NPF7	Q9NPF7	1.000	1.000	1.000
Q9NTI7	Q9NTI7	1.000	1.000	1.000
Q9NZC4	Q9NZC4	1.000	1.000	1.000
Q9UBL9	Q9UBL9	1.000	1.000	1.000
Q9UJC5	Q9UJC5	1.000	1.000	1.000
Q9ULX3	Q9ULX3	1.000	1.000	1.000
Q9Y2R9	Q9Y2R9	1.000	1.000	1.000
Q9Y5P6	Q9Y5P6	1.000	1.000	1.000
Q9Y5P6	Q96IJ6	0.322	0.978	0.981
A6NKF2	A6NKF2	1.000	1.000	1.000
O00238	O00238	1.000	1.000	1.000
O00238	P37023	0.455	0.960	0.948
O00238	Q13705	0.334	0.863	0.809
O15016	O15016	1.000	1.000	1.000
O60232	O60232	1.000	1.000	1.000
O75528	O75528	1.000	1.000	1.000
O95256	O95256	1.000	1.000	1.000
P01036	P01036	1.000	1.000	1.000
P01036	P01037	0.872	1.000	1.000
P01036	P09228	0.879	1.000	1.000
P01036	P28325	0.562	0.965	0.965
P01036	P01034	0.557	1.000	1.000
P04196	P04196	1.000	1.000	1.000
P09466	P09466	1.000	1.000	1.000
P11049	P11049	1.000	1.000	1.000
P16410	P16410	1.000	1.000	1.000
P21695	P21695	1.000	1.000	1.000
P21695	Q8N335	0.717	0.994	0.989
P27469	P27469	1.000	1.000	1.000
P30559	P30559	1.000	1.000	1.000
P30559	P30518	0.443	0.810	0.841
P35498	P35498	1.000	1.000	1.000
P35498	Q99250	0.872	1.000	0.997
P35498	P35499	0.641	0.976	0.964
P35498	Q9UI33	0.471	0.958	0.973
P42765	P42765	1.000	1.000	1.000
P42765	P24752	0.402	0.985	0.906
P48664	P48664	1.000	1.000	1.000
P48664	P43003	0.680	0.940	0.954
P48664	P43004	0.518	0.844	0.805
P51685	P51685	1.000	1.000	1.000
P51685	P51681	0.433	0.910	0.909
P51685	P32246	0.443	0.865	0.865
P51685	P49238	0.415	0.882	0.873
P51685	P51677	0.392	0.958	0.961
P51685	O00421	0.350	0.820	0.837
P58557	P58557	1.000	1.000	1.000
P63173	P63173	1.000	1.000	1.000
P98088	P98088	1.000	1.000	1.000
P98088	Q02817	0.365	0.983	0.992
Q0VG06	Q0VG06	1.000	1.000	1.000
Q13495	Q13495	1.000	1.000	1.000
Q14680	Q14680	1.000	1.000	1.000
Q15814	Q15814	1.000	1.000	1.000
Q2L4Q9	Q2L4Q9	1.000	1.000	1.000
Q53QW1	Q53QW1	1.000	1.000	1.000
Q5T653	Q5T653	1.000	1.000	1.000
Q68D85	Q68D85	1.000	1.000	1.000
Q6PHR2	Q6PHR2	1.000	1.000	1.000
Q6UXV0	Q6UXV0	1.000	1.000	1.000
Q7L592	Q7L592	1.000	1.000	1.000
Q86SQ4	Q86SQ4	1.000	1.000	1.000
Q8IU80	Q8IU80	1.000	1.000	1.000
Q8J025	Q8J025	1.000	1.000	1.000
Q8N8U9	Q8N8U9	1.000	1.000	1.000
Q8NGD0	Q8NGD0	1.000	1.000	1.000
Q8NGD0	Q9P1Q5	0.398	0.984	0.994
Q8NGD0	P34982	0.381	0.981	0.984
Q8NGD0	Q8NHC4	0.386	0.984	0.997
Q8NGD0	Q9Y585	0.391	0.952	0.961
Q8NGD0	A6NND4	0.366	0.958	0.944
Q8NGD0	Q8TCB6	0.326	0.936	0.928
Q8TF45	Q8TF45	1.000	1.000	1.000
Q8TF45	Q9Y2P7	0.576	0.905	0.981
Q8TF45	Q6ECI4	0.455	0.993	0.953
Q8TF45	Q9NYW8	0.418	0.990	0.978
Q8TF45	Q9NZL3	0.411	0.994	0.953
Q8TF45	O94892	0.424	0.996	0.994
Q8TF45	Q03923	0.401	0.988	0.988
Q8TF45	Q8NEP9	0.397	0.996	0.941
Q8TF45	P21506	0.395	0.868	0.977
Q8TF45	Q9NQX1	0.315	0.809	0.875
Q92698	Q92698	1.000	1.000	1.000
Q96BN2	Q96BN2	1.000	1.000	1.000
Q96I13	Q96I13	1.000	1.000	1.000
Q96N77	Q96N77	1.000	1.000	1.000
Q96T54	Q96T54	1.000	1.000	1.000
Q9BQP7	Q9BQP7	1.000	1.000	1.000
Q9BWP8	Q9BWP8	1.000	1.000	1.000
Q9BYV1	Q9BYV1	1.000	1.000	1.000
Q9H160	Q9H160	1.000	1.000	1.000
Q9H6A0	Q9H6A0	1.000	1.000	1.000
Q9HBE1	Q9HBE1	1.000	1.000	1.000
Q9NPH0	Q9NPH0	1.000	1.000	1.000
Q9NTJ4	Q9NTJ4	1.000	1.000	1.000
Q9NZC9	Q9NZC9	1.000	1.000	1.000
Q9UBP6	Q9UBP6	1.000	1.000	1.000
Q9UJL9	Q9UJL9	1.000	1.000	1.000
Q9UJL9	P21506	0.431	0.873	0.942
Q9UJL9	Q8WV37	0.438	0.846	0.895
Q9UJL9	Q9Y2P7	0.367	0.861	0.855
Q9UM73	Q9UM73	1.000	1.000	1.000
Q9Y2T1	Q9Y2T1	1.000	1.000	1.000
Q9Y5P8	Q9Y5P8	1.000	1.000	1.000
A6NLJ0	A6NLJ0	1.000	1.000	1.000
A6NLJ0	Q8NCU7	0.830	0.948	0.905
O00241	O00241	1.000	1.000	1.000
O15031	O15031	1.000	1.000	1.000
O15031	Q9ULL4	0.404	0.982	0.972
O60242	O60242	1.000	1.000	1.000
O75563	O75563	1.000	1.000	1.000
O95361	O95361	1.000	1.000	1.000
P01037	P01037	1.000	1.000	1.000
P01037	P01036	0.872	1.000	1.000
P01037	P09228	0.858	1.000	1.000
P01037	P28325	0.574	0.943	0.944
P01037	P01034	0.551	1.000	1.000
P04201	P04201	1.000	1.000	1.000
P04201	Q96LA9	0.394	0.812	0.811
P04201	Q8TDS7	0.338	0.920	0.922
P09471	P09471	1.000	1.000	1.000
P09471	A8MTJ3	0.619	1.000	1.000
P09471	P63092	0.427	0.966	0.952
P11150	P11150	1.000	1.000	1.000
P11150	Q9Y5X9	0.452	0.860	0.846
P11150	P54315	0.319	0.910	0.938
P16581	P16581	1.000	1.000	1.000
P21709	P21709	1.000	1.000	1.000
P21709	P54760	0.418	0.988	0.978
P27918	P27918	1.000	1.000	1.000
P30939	P30939	1.000	1.000	1.000
P30939	P28566	0.588	0.937	0.934
P30939	P28222	0.504	0.948	0.879
P30939	P28221	0.488	0.937	0.894
P30939	P47898	0.362	0.872	0.821
P30939	P35462	0.324	0.885	0.885
P30939	Q96RI8	0.303	0.880	0.803
P30939	Q969N4	0.303	0.880	0.810
P35499	P35499	1.000	1.000	1.000
P35499	Q99250	0.658	0.964	0.973
P35499	P35498	0.641	0.964	0.976
P35499	Q9UI33	0.500	0.940	0.968
P42766	P42766	1.000	1.000	1.000
P49005	P49005	1.000	1.000	1.000
P51813	P51813	1.000	1.000	1.000
P59046	P59046	1.000	1.000	1.000
P59046	Q9NX02	0.337	0.971	0.960
P67870	P67870	1.000	1.000	1.000
P98175	P98175	1.000	1.000	1.000
P98175	P52756	0.507	0.998	0.998
Q10571	Q10571	1.000	1.000	1.000
Q13507	Q13507	1.000	1.000	1.000
Q13507	Q9Y210	0.733	0.906	0.918
Q14831	Q14831	1.000	1.000	1.000
Q14831	Q14833	0.700	0.985	0.987
Q14831	Q14832	0.460	0.899	0.923
Q14831	P41180	0.314	0.919	0.813
Q15847	Q15847	1.000	1.000	1.000
Q2M1K9	Q2M1K9	1.000	1.000	1.000
Q53R41	Q53R41	1.000	1.000	1.000
Q5T6S3	Q5T6S3	1.000	1.000	1.000
Q5T6S3	Q9Y483	0.453	0.979	0.995
Q69YH5	Q69YH5	1.000	1.000	1.000
Q6PI98	Q6PI98	1.000	1.000	1.000
Q6UXZ3	Q6UXZ3	1.000	1.000	1.000
Q7L5Y1	Q7L5Y1	1.000	1.000	1.000
Q86T26	Q86T26	1.000	1.000	1.000
Q8IUH2	Q8IUH2	1.000	1.000	1.000
Q8N142	Q8N142	1.000	1.000	1.000
Q8N8W4	Q8N8W4	1.000	1.000	1.000
Q8NHC4	Q8NHC4	1.000	1.000	1.000
Q8NHC4	P34982	0.398	0.981	0.971
Q8NHC4	Q9P1Q5	0.411	1.000	0.997
Q8NHC4	Q9Y585	0.411	1.000	0.997
Q8NHC4	Q8NGD0	0.386	0.997	0.984
Q8NHC4	A6NND4	0.342	0.958	0.931
Q8TF46	Q8TF46	1.000	1.000	1.000
Q92731	Q92731	1.000	1.000	1.000
Q96BN8	Q96BN8	1.000	1.000	1.000
Q96I23	Q96I23	1.000	1.000	1.000
Q96NC0	Q96NC0	1.000	1.000	1.000
Q96T58	Q96T58	1.000	1.000	1.000
Q9BRA2	Q9BRA2	1.000	1.000	1.000
Q9BWT3	Q9BWT3	1.000	1.000	1.000
Q9BYW1	Q9BYW1	1.000	1.000	1.000
Q9BYW1	Q8TDB8	0.341	0.921	0.873
Q9BYW1	P11168	0.314	0.929	0.939
Q9H1D0	Q9H1D0	1.000	1.000	1.000
Q9H6S1	Q9H6S1	1.000	1.000	1.000
Q9HBE4	Q9HBE4	1.000	1.000	1.000
Q9NPH9	Q9NPH9	1.000	1.000	1.000
Q9NUD5	Q9NUD5	1.000	1.000	1.000
Q9NZD1	Q9NZD1	1.000	1.000	1.000
Q9UBP9	Q9UBP9	1.000	1.000	1.000
Q9UJW9	Q9UJW9	1.000	1.000	1.000
Q9UMN6	Q9UMN6	1.000	1.000	1.000
Q9Y2T6	Q9Y2T6	1.000	1.000	1.000
Q9Y2T6	P43657	0.305	0.922	0.866
Q9Y5R4	Q9Y5R4	1.000	1.000	1.000
A6NNB3	A6NNB3	1.000	1.000	1.000
O00270	O00270	1.000	1.000	1.000
O00270	Q9BXC0	0.343	0.912	0.827
O00270	P47211	0.309	0.925	0.883
O15090	O15090	1.000	1.000	1.000
O60293	O60293	1.000	1.000	1.000
O75570	O75570	1.000	1.000	1.000
O95365	O95365	1.000	1.000	1.000
P01040	P01040	1.000	1.000	1.000
P04280	P04280	1.000	1.000	1.000
P09661	P09661	1.000	1.000	1.000
P11168	P11168	1.000	1.000	1.000
P11168	Q8TDB8	0.494	0.958	0.894
P11168	Q9BYW1	0.314	0.939	0.929
P17020	P17020	1.000	1.000	1.000
P17020	Q6ECI4	0.485	0.906	0.849
P17020	Q9NZL3	0.452	0.811	0.823
P17020	Q9NQX1	0.311	0.815	0.879
P21815	P21815	1.000	1.000	1.000
P27986	P27986	1.000	1.000	1.000
P30988	P30988	1.000	1.000	1.000
P30988	Q16602	0.609	0.859	0.883
P35573	P35573	1.000	1.000	1.000
P42772	P42772	1.000	1.000	1.000
P49019	P49019	1.000	1.000	1.000
P49019	Q8TDS4	0.953	0.935	0.997
P49019	Q9BXC0	0.558	0.817	0.902
P49019	P47900	0.300	0.814	0.850
P51825	P51825	1.000	1.000	1.000
P59666	P59666	1.000	1.000	1.000
P68400	P68400	1.000	1.000	1.000
P98182	P98182	1.000	1.000	1.000
Q12791	Q12791	1.000	1.000	1.000
Q13536	Q13536	1.000	1.000	1.000
Q14832	Q14832	1.000	1.000	1.000
Q14832	Q14831	0.460	0.923	0.899
Q14832	Q14833	0.468	0.929	0.906
Q15848	Q15848	1.000	1.000	1.000
Q2M3C7	Q2M3C7	1.000	1.000	1.000
Q53S33	Q53S33	1.000	1.000	1.000
Q5T7N3	Q5T7N3	1.000	1.000	1.000
Q69YI7	Q69YI7	1.000	1.000	1.000
Q6PIU1	Q6PIU1	1.000	1.000	1.000
Q6PIU1	Q96KK3	0.418	0.816	0.810
Q6PIU1	Q8TDN1	0.360	0.882	0.865
Q6PIU1	P17658	0.302	0.828	0.836
Q6UXZ4	Q6UXZ4	1.000	1.000	1.000
Q7L7X3	Q7L7X3	1.000	1.000	1.000
Q86TG1	Q86TG1	1.000	1.000	1.000
O75879	O75879	1.000	1.000	1.000
O95841	O95841	1.000	1.000	1.000
O95841	Q15389	0.317	0.933	0.938
O95841	O15123	0.317	0.902	0.917
Q8IUR6	Q8IUR6	1.000	1.000	1.000
Q8N1E6	Q8N1E6	1.000	1.000	1.000
Q8N9H9	Q8N9H9	1.000	1.000	1.000
Q8NHR9	Q8NHR9	1.000	1.000	1.000
Q8WTR7	Q8WTR7	1.000	1.000	1.000
Q8WTR7	Q9NYW8	0.328	0.954	0.972
Q92800	Q92800	1.000	1.000	1.000
Q92800	Q15910	0.647	0.980	0.980
Q9NWS8	Q9NWS8	1.000	1.000	1.000
Q9NZL3	Q9NZL3	1.000	1.000	1.000
Q9NZL3	Q6ECI4	0.412	0.989	0.950
Q9NZL3	Q03923	0.452	0.868	0.988
Q9NZL3	O94892	0.429	0.953	0.992
Q9NZL3	Q8TF45	0.405	0.953	0.994
Q9NZL3	Q9NYW8	0.403	1.000	0.950
Q9NZL3	Q8NEP9	0.414	0.878	0.944
Q9NZL3	Q9Y2P7	0.416	0.864	0.976
Q9NZL3	P21506	0.378	0.868	0.972
Q9UGK3	Q9UGK3	1.000	1.000	1.000
Q9BSF0	Q9BSF0	1.000	1.000	1.000
Q9BXH1	Q9BXH1	1.000	1.000	1.000
Q9C0H2	Q9C0H2	1.000	1.000	1.000
Q9C0H2	Q9BSA4	0.420	0.975	0.966
Q96JM7	Q96JM7	1.000	1.000	1.000
A8K2U0	A8K2U0	1.000	1.000	1.000
A8K2U0	P01023	0.407	0.997	0.987
O00329	O00329	1.000	1.000	1.000
O15123	O15123	1.000	1.000	1.000
O15123	Q15389	0.620	0.962	0.962
O15123	O95841	0.317	0.917	0.902
O60381	O60381	1.000	1.000	1.000
O75603	O75603	1.000	1.000	1.000
O95379	O95379	1.000	1.000	1.000
P01225	P01225	1.000	1.000	1.000
P05060	P05060	1.000	1.000	1.000
P09693	P09693	1.000	1.000	1.000
P11831	P11831	1.000	1.000	1.000
P17342	P17342	1.000	1.000	1.000
P21918	P21918	1.000	1.000	1.000
P28221	P28221	1.000	1.000	1.000
P28221	P28222	0.670	0.902	0.877
P28221	P28566	0.486	0.936	0.975
P28221	P30939	0.504	0.894	0.937
P28221	P47898	0.357	0.844	0.835
P28221	P08913	0.312	0.958	0.942
P28221	P35462	0.347	0.854	0.895
P28221	Q96RI8	0.316	0.846	0.812
P28221	Q969N4	0.304	0.854	0.827
P28221	O14804	0.303	0.897	0.869
P31942	P31942	1.000	1.000	1.000
P35637	P35637	1.000	1.000	1.000
P43003	P43003	1.000	1.000	1.000
P43003	P48664	0.696	0.917	0.911
P43003	P43004	0.546	0.884	0.836
P49146	P49146	1.000	1.000	1.000
P49146	P50391	0.335	0.808	0.867
P51864	P51864	1.000	1.000	1.000
P59923	P59923	1.000	1.000	1.000
P78371	P78371	1.000	1.000	1.000
Q01094	Q01094	1.000	1.000	1.000
Q12866	Q12866	1.000	1.000	1.000
Q12866	P30530	0.426	0.881	0.966
Q13595	Q13595	1.000	1.000	1.000
Q14894	Q14894	1.000	1.000	1.000
Q15916	Q15916	1.000	1.000	1.000
Q2PPJ7	Q2PPJ7	1.000	1.000	1.000
Q569K4	Q569K4	1.000	1.000	1.000
Q5TCY1	Q5TCY1	1.000	1.000	1.000
Q6B8I1	Q6B8I1	1.000	1.000	1.000
Q6PJ69	Q6PJ69	1.000	1.000	1.000
Q6VMQ6	Q6VMQ6	1.000	1.000	1.000
Q7RTV3	Q7RTV3	1.000	1.000	1.000
Q86TS9	Q86TS9	1.000	1.000	1.000
Q8IUW5	Q8IUW5	1.000	1.000	1.000
Q8N1F8	Q8N1F8	1.000	1.000	1.000
Q8N9M5	Q8N9M5	1.000	1.000	1.000
Q8NHU0	Q8NHU0	1.000	1.000	1.000
Q8NHU0	Q5HYN5	0.994	1.000	1.000
Q8NHU0	P0DMU8	0.994	1.000	1.000
Q8WTT0	Q8WTT0	1.000	1.000	1.000
Q8WTT0	Q6EIG7	0.539	1.000	1.000
Q8WTT0	Q8WXI8	0.431	0.958	0.958
Q92847	Q92847	1.000	1.000	1.000
Q96CB9	Q96CB9	1.000	1.000	1.000
Q96IV0	Q96IV0	1.000	1.000	1.000
Q96P16	Q96P16	1.000	1.000	1.000
Q96P16	Q9NQG5	0.653	1.000	1.000
Q99457	Q99457	1.000	1.000	1.000
Q9BRJ2	Q9BRJ2	1.000	1.000	1.000
Q9BX68	Q9BX68	1.000	1.000	1.000
Q9BZE1	Q9BZE1	1.000	1.000	1.000
Q9H244	Q9H244	1.000	1.000	1.000
Q9H244	Q9UPC5	0.323	0.892	0.801
Q9H244	P25105	0.329	0.880	0.915
Q9H788	Q9H788	1.000	1.000	1.000
Q9HBL7	Q9HBL7	1.000	1.000	1.000
Q9NQ50	Q9NQ50	1.000	1.000	1.000
Q9NVE5	Q9NVE5	1.000	1.000	1.000
Q9NZE8	Q9NZE8	1.000	1.000	1.000
Q9UBZ9	Q9UBZ9	1.000	1.000	1.000
Q9UK33	Q9UK33	1.000	1.000	1.000
Q9UNG2	Q9UNG2	1.000	1.000	1.000
Q9Y345	Q9Y345	1.000	1.000	1.000
Q9Y5X9	Q9Y5X9	1.000	1.000	1.000
Q9Y5X9	P11150	0.448	0.868	0.874
Q9Y5X9	P16233	0.340	0.808	0.862
Q9Y5X9	P54315	0.317	0.836	0.859
A8MQ27	A8MQ27	1.000	1.000	1.000
O00358	O00358	1.000	1.000	1.000
O15235	O15235	1.000	1.000	1.000
O60477	O60477	1.000	1.000	1.000
O75629	O75629	1.000	1.000	1.000
O95407	O95407	1.000	1.000	1.000
P01241	P01241	1.000	1.000	1.000
P01241	Q14406	0.792	1.000	1.000
P05091	P05091	1.000	1.000	1.000
P09914	P09914	1.000	1.000	1.000
P11836	P11836	1.000	1.000	1.000
P17658	P17658	1.000	1.000	1.000
P17658	Q96KK3	0.310	0.820	0.806
P17658	Q6PIU1	0.302	0.836	0.828
P22004	P22004	1.000	1.000	1.000
P28222	P28222	1.000	1.000	1.000
P28222	P28221	0.670	0.877	0.902
P28222	P30939	0.482	0.918	0.978
P28222	P28566	0.476	0.908	0.975
P28222	P47898	0.373	0.849	0.866
P28222	P08913	0.306	0.956	0.938
P28222	P35462	0.328	0.831	0.895
P28222	Q96RI8	0.320	0.815	0.803
P28222	Q969N4	0.314	0.815	0.807
P32119	P32119	1.000	1.000	1.000
P35659	P35659	1.000	1.000	1.000
P43004	P43004	1.000	1.000	1.000
P43004	P43003	0.550	0.833	0.880
P43004	P48664	0.518	0.805	0.844
P49238	P49238	1.000	1.000	1.000
P49238	P41597	0.465	0.851	0.805
P49238	P32246	0.437	0.862	0.873
P49238	P51685	0.400	0.941	0.958
P49238	P51677	0.425	0.887	0.896
P49238	O00421	0.324	0.862	0.895
P49238	P32249	0.302	0.814	0.820
P51959	P51959	1.000	1.000	1.000
P59942	P59942	1.000	1.000	1.000
P78410	P78410	1.000	1.000	1.000
Q01453	Q01453	1.000	1.000	1.000
Q12891	Q12891	1.000	1.000	1.000
Q13641	Q13641	1.000	1.000	1.000
Q14953	Q14953	1.000	1.000	1.000
Q14953	Q14954	0.921	1.000	1.000
Q14953	P43626	0.894	0.997	0.868
Q16514	Q16514	1.000	1.000	1.000
Q2TBE0	Q2TBE0	1.000	1.000	1.000
Q58A44	Q58A44	1.000	1.000	1.000
Q5TD97	Q5TD97	1.000	1.000	1.000
Q6DJT9	Q6DJT9	1.000	1.000	1.000
Q6PJP8	Q6PJP8	1.000	1.000	1.000
Q6W2J9	Q6W2J9	1.000	1.000	1.000
Q7RTX0	Q7RTX0	1.000	1.000	1.000
Q7RTX0	Q8TE23	0.309	0.961	0.969
Q86TW2	Q86TW2	1.000	1.000	1.000
Q8IVS2	Q8IVS2	1.000	1.000	1.000
Q8N292	Q8N292	1.000	1.000	1.000
Q8N9W6	Q8N9W6	1.000	1.000	1.000
Q8NHU6	Q8NHU6	1.000	1.000	1.000
Q8WU08	Q8WU08	1.000	1.000	1.000
Q92908	Q92908	1.000	1.000	1.000
Q96CG3	Q96CG3	1.000	1.000	1.000
Q96IZ2	Q96IZ2	1.000	1.000	1.000
Q96P47	Q96P47	1.000	1.000	1.000
Q96P47	Q9UPQ3	0.712	0.974	0.996
Q99572	Q99572	1.000	1.000	1.000
Q9BRJ6	Q9BRJ6	1.000	1.000	1.000
Q9BX70	Q9BX70	1.000	1.000	1.000
Q9BX70	Q9H0C5	0.822	0.834	0.919
Q9C030	Q9C030	1.000	1.000	1.000
Q9H257	Q9H257	1.000	1.000	1.000
Q9H7L9	Q9H7L9	1.000	1.000	1.000
Q9HBW9	Q9HBW9	1.000	1.000	1.000
Q9NQ90	Q9NQ90	1.000	1.000	1.000
Q9NQ90	Q4KMQ2	0.376	0.851	0.892
Q9NVS2	Q9NVS2	1.000	1.000	1.000
Q9NZG7	Q9NZG7	1.000	1.000	1.000
Q9UDR5	Q9UDR5	1.000	1.000	1.000
Q9UK45	Q9UK45	1.000	1.000	1.000
Q9UNK4	Q9UNK4	1.000	1.000	1.000
Q9Y388	Q9Y388	1.000	1.000	1.000
Q9Y5Y7	Q9Y5Y7	1.000	1.000	1.000
A8MTJ3	A8MTJ3	1.000	1.000	1.000
A8MTJ3	P09471	0.619	1.000	1.000
A8MTJ3	P63092	0.407	0.977	0.962
O00411	O00411	1.000	1.000	1.000
O15263	O15263	1.000	1.000	1.000
O60503	O60503	1.000	1.000	1.000
O75648	O75648	1.000	1.000	1.000
O95445	O95445	1.000	1.000	1.000
P01266	P01266	1.000	1.000	1.000
P05113	P05113	1.000	1.000	1.000
P09960	P09960	1.000	1.000	1.000
P12314	P12314	1.000	1.000	1.000
P17813	P17813	1.000	1.000	1.000
P22460	P22460	1.000	1.000	1.000
P28290	P28290	1.000	1.000	1.000
P32241	P32241	1.000	1.000	1.000
P32241	P43220	0.418	0.823	0.855
P35900	P35900	1.000	1.000	1.000
P35900	P14136	0.334	0.811	0.817
P43115	P43115	1.000	1.000	1.000
P49406	P49406	1.000	1.000	1.000
P51965	P51965	1.000	1.000	1.000
P60827	P60827	1.000	1.000	1.000
P78536	P78536	1.000	1.000	1.000
Q01718	Q01718	1.000	1.000	1.000
Q01718	Q01726	0.407	0.923	0.890
Q12933	Q12933	1.000	1.000	1.000
Q13705	Q13705	1.000	1.000	1.000
Q13705	O00238	0.329	0.834	0.888
Q14954	Q14954	1.000	1.000	1.000
Q14954	P43626	0.943	0.997	0.868
Q14954	Q14953	0.921	1.000	1.000
Q16515	Q16515	1.000	1.000	1.000
Q2WEN9	Q2WEN9	1.000	1.000	1.000
Q58WW2	Q58WW2	1.000	1.000	1.000
Q5TGI4	Q5TGI4	1.000	1.000	1.000
Q6DKI7	Q6DKI7	1.000	1.000	1.000
Q6PL18	Q6PL18	1.000	1.000	1.000
Q6PL18	Q9ULI0	0.507	0.891	0.888
Q6WQI6	Q6WQI6	1.000	1.000	1.000
Q7RTY1	Q7RTY1	1.000	1.000	1.000
Q86U28	Q86U28	1.000	1.000	1.000
Q8IW03	Q8IW03	1.000	1.000	1.000
Q8N2C7	Q8N2C7	1.000	1.000	1.000
Q8NAC3	Q8NAC3	1.000	1.000	1.000
Q8NHV9	Q8NHV9	1.000	1.000	1.000
Q8WUM9	Q8WUM9	1.000	1.000	1.000
Q92954	Q92954	1.000	1.000	1.000
Q96CW9	Q96CW9	1.000	1.000	1.000
Q96CW9	Q9Y2I2	0.599	0.974	0.954
Q96IZ6	Q96IZ6	1.000	1.000	1.000
Q96IZ6	Q6P1Q9	0.984	1.000	1.000
Q96P68	Q96P68	1.000	1.000	1.000
Q96P68	P47900	0.361	0.875	0.802
Q96P68	Q9BXA5	0.365	0.855	0.871
Q99581	Q99581	1.000	1.000	1.000
Q9BRL6	Q9BRL6	1.000	1.000	1.000
Q9BX79	Q9BX79	1.000	1.000	1.000
Q9C037	Q9C037	1.000	1.000	1.000
Q9C037	Q9UDY6	0.302	0.960	0.958
Q9H2E6	Q9H2E6	1.000	1.000	1.000
Q9H7M9	Q9H7M9	1.000	1.000	1.000
Q9HBX8	Q9HBX8	1.000	1.000	1.000
Q9HBX8	Q9BXB1	0.469	0.938	0.938
Q9NQ92	Q9NQ92	1.000	1.000	1.000
Q9NVV5	Q9NVV5	1.000	1.000	1.000
Q9NZI5	Q9NZI5	1.000	1.000	1.000
Q9NZI5	Q8TE85	0.464	0.940	0.903
Q9UDW3	Q9UDW3	1.000	1.000	1.000
Q9UK96	Q9UK96	1.000	1.000	1.000
Q9UNN4	Q9UNN4	1.000	1.000	1.000
Q9Y399	Q9Y399	1.000	1.000	1.000
Q9Y666	Q9Y666	1.000	1.000	1.000
A8MTJ6	A8MTJ6	1.000	1.000	1.000
O00421	O00421	1.000	1.000	1.000
O00421	P51681	0.445	0.834	0.830
O00421	P51677	0.444	0.840	0.828
O00421	P32246	0.433	0.898	0.879
O00421	P51685	0.346	0.837	0.820
O00421	P49238	0.330	0.858	0.823
O15525	O15525	1.000	1.000	1.000
O60542	O60542	1.000	1.000	1.000
O75663	O75663	1.000	1.000	1.000
O95600	O95600	1.000	1.000	1.000
P01270	P01270	1.000	1.000	1.000
P05121	P05121	1.000	1.000	1.000
P05121	P48594	0.311	0.898	0.964
P05121	P35237	0.327	0.918	0.992
P05121	P29508	0.303	0.898	0.964
P0C7P0	P0C7P0	1.000	1.000	1.000
P12318	P12318	1.000	1.000	1.000
P17947	P17947	1.000	1.000	1.000
P22466	P22466	1.000	1.000	1.000
P28325	P28325	1.000	1.000	1.000
P28325	P09228	0.560	0.993	0.993
P28325	P01036	0.557	0.972	0.972
P28325	P01037	0.562	0.965	0.965
P28325	P01034	0.514	0.965	0.966
P32243	P32243	1.000	1.000	1.000
P35908	P35908	1.000	1.000	1.000
P35908	P13647	0.617	0.815	0.878
P43220	P43220	1.000	1.000	1.000
P43220	P47871	0.502	0.898	0.864
P43220	P32241	0.408	0.907	0.886
P49589	P49589	1.000	1.000	1.000
P52435	P52435	1.000	1.000	1.000
P60866	P60866	1.000	1.000	1.000
P78540	P78540	1.000	1.000	1.000
Q01726	Q01726	1.000	1.000	1.000
Q01726	Q01718	0.407	0.890	0.923
Q12948	Q12948	1.000	1.000	1.000
Q12948	Q99958	0.487	1.000	1.000
Q13733	Q13733	1.000	1.000	1.000
Q13733	P13637	0.789	0.967	0.984
Q14973	Q14973	1.000	1.000	1.000
Q16540	Q16540	1.000	1.000	1.000
Q30201	Q30201	1.000	1.000	1.000
Q5BKX6	Q5BKX6	1.000	1.000	1.000
Q5VSL9	Q5VSL9	1.000	1.000	1.000
Q5VSL9	Q9ULQ0	0.715	0.945	0.963
Q6DN72	Q6DN72	1.000	1.000	1.000
Q6DN72	Q96LA6	0.304	0.857	0.890
Q6PP77	Q6PP77	1.000	1.000	1.000
Q6WRI0	Q6WRI0	1.000	1.000	1.000
Q6WRI0	Q9NR99	0.327	0.989	0.991
Q7Z2W9	Q7Z2W9	1.000	1.000	1.000
Q86UQ0	Q86UQ0	1.000	1.000	1.000
Q86UQ0	Q96H86	0.309	0.953	0.828
Q8IWG1	Q8IWG1	1.000	1.000	1.000
Q8N2E6	Q8N2E6	1.000	1.000	1.000
Q8NAV1	Q8NAV1	1.000	1.000	1.000
Q8NHW3	Q8NHW3	1.000	1.000	1.000
Q8WUN7	Q8WUN7	1.000	1.000	1.000
Q92956	Q92956	1.000	1.000	1.000
Q96D98	Q96D98	1.000	1.000	1.000
Q96J84	Q96J84	1.000	1.000	1.000
Q96PC2	Q96PC2	1.000	1.000	1.000
Q96PC2	Q9UHH9	0.457	0.961	0.955
Q99590	Q99590	1.000	1.000	1.000
Q9BRQ5	Q9BRQ5	1.000	1.000	1.000
Q9BRQ5	Q96SN7	0.571	0.902	0.862
Q9BXA5	Q9BXA5	1.000	1.000	1.000
Q9BXA5	Q96P68	0.365	0.871	0.855
Q9C040	Q9C040	1.000	1.000	1.000
Q9H2H9	Q9H2H9	1.000	1.000	1.000
Q9H825	Q9H825	1.000	1.000	1.000
Q9HBX9	Q9HBX9	1.000	1.000	1.000
Q9NQG5	Q9NQG5	1.000	1.000	1.000
Q9NQG5	Q96P16	0.653	1.000	1.000
Q9NW15	Q9NW15	1.000	1.000	1.000
Q9NZI6	Q9NZI6	1.000	1.000	1.000
Q9UDY6	Q9UDY6	1.000	1.000	1.000
Q9UDY6	Q9C037	0.300	0.958	0.960
Q9UK97	Q9UK97	1.000	1.000	1.000
Q9UNN5	Q9UNN5	1.000	1.000	1.000
Q9Y3B7	Q9Y3B7	1.000	1.000	1.000
Q9Y675	Q9Y675	1.000	1.000	1.000
A8MUP2	A8MUP2	1.000	1.000	1.000
O00478	O00478	1.000	1.000	1.000
O00478	O00481	0.851	0.878	0.998
O15552	O15552	1.000	1.000	1.000
O60563	O60563	1.000	1.000	1.000
O75676	O75676	1.000	1.000	1.000
O95619	O95619	1.000	1.000	1.000
P01298	P01298	1.000	1.000	1.000
P05155	P05155	1.000	1.000	1.000
P0C7Q2	P0C7Q2	1.000	1.000	1.000
P12319	P12319	1.000	1.000	1.000
P18065	P18065	1.000	1.000	1.000
P22748	P22748	1.000	1.000	1.000
P22748	P35218	0.323	0.830	0.852
P28335	P28335	1.000	1.000	1.000
P32246	P32246	1.000	1.000	1.000
P32246	P51677	0.653	0.935	0.935
P32246	P51681	0.568	0.961	0.972
P32246	P51685	0.443	0.865	0.865
P32246	P49238	0.445	0.873	0.862
P32246	O00421	0.440	0.859	0.872
P32246	P30556	0.356	0.823	0.833
P32246	P32249	0.324	0.820	0.837
P35998	P35998	1.000	1.000	1.000
P43353	P43353	1.000	1.000	1.000
P49590	P49590	1.000	1.000	1.000
P52565	P52565	1.000	1.000	1.000
P60985	P60985	1.000	1.000	1.000
P78556	P78556	1.000	1.000	1.000
P78556	Q9Y258	0.310	0.885	0.862
Q02078	Q02078	1.000	1.000	1.000
Q13007	Q13007	1.000	1.000	1.000
Q13790	Q13790	1.000	1.000	1.000
Q14CX5	Q14CX5	1.000	1.000	1.000
Q16543	Q16543	1.000	1.000	1.000
Q32M45	Q32M45	1.000	1.000	1.000
Q32M45	Q4KMQ2	0.444	0.930	0.976
Q32M45	Q9NQ90	0.415	0.877	0.877
Q5EBM0	Q5EBM0	1.000	1.000	1.000
Q5VTD9	Q5VTD9	1.000	1.000	1.000
Q6DT37	Q6DT37	1.000	1.000	1.000
Q6QNK2	Q6QNK2	1.000	1.000	1.000
Q6X4U4	Q6X4U4	1.000	1.000	1.000
Q7Z2X4	Q7Z2X4	1.000	1.000	1.000
Q86V24	Q86V24	1.000	1.000	1.000
Q86V24	Q96A54	0.737	0.896	0.925
Q8IWT1	Q8IWT1	1.000	1.000	1.000
Q8N328	Q8N328	1.000	1.000	1.000
Q8NB91	Q8NB91	1.000	1.000	1.000
Q8TAD8	Q8TAD8	1.000	1.000	1.000
Q8WUU5	Q8WUU5	1.000	1.000	1.000
Q92989	Q92989	1.000	1.000	1.000
Q96DV4	Q96DV4	1.000	1.000	1.000
Q96JA1	Q96JA1	1.000	1.000	1.000
Q96PH6	Q96PH6	1.000	1.000	1.000
Q99622	Q99622	1.000	1.000	1.000
Q9BRV8	Q9BRV8	1.000	1.000	1.000
Q9BXB1	Q9BXB1	1.000	1.000	1.000
Q9BXB1	Q9HBX8	0.474	0.938	0.938
Q9C0A1	Q9C0A1	1.000	1.000	1.000
Q9H2S5	Q9H2S5	1.000	1.000	1.000
Q9H867	Q9H867	1.000	1.000	1.000
Q9H867	Q8WXB1	0.377	0.878	0.853
Q9HBZ2	Q9HBZ2	1.000	1.000	1.000
Q9NQR4	Q9NQR4	1.000	1.000	1.000
Q9NWF4	Q9NWF4	1.000	1.000	1.000
Q9NWF4	Q9HAB3	0.865	0.996	0.996
Q9NZJ4	Q9NZJ4	1.000	1.000	1.000
Q9UEW3	Q9UEW3	1.000	1.000	1.000
Q9UK99	Q9UK99	1.000	1.000	1.000
Q9UNP9	Q9UNP9	1.000	1.000	1.000
Q9Y3C6	Q9Y3C6	1.000	1.000	1.000
Q9Y676	Q9Y676	1.000	1.000	1.000
A8MW92	A8MW92	1.000	1.000	1.000
A8MW92	Q9BVI0	0.364	0.999	0.999
O00481	O00481	1.000	1.000	1.000
O00481	O00478	0.851	0.998	0.878
O43148	O43148	1.000	1.000	1.000
O60602	O60602	1.000	1.000	1.000
O75762	O75762	1.000	1.000	1.000
O95747	O95747	1.000	1.000	1.000
P01308	P01308	1.000	1.000	1.000
P05160	P05160	1.000	1.000	1.000
P0CG12	P0CG12	1.000	1.000	1.000
P13232	P13232	1.000	1.000	1.000
P18077	P18077	1.000	1.000	1.000
P22888	P22888	1.000	1.000	1.000
P22888	P23945	0.556	0.883	0.898
P28340	P28340	1.000	1.000	1.000
P32249	P32249	1.000	1.000	1.000
P32249	P32246	0.309	0.914	0.890
P36578	P36578	1.000	1.000	1.000
P43363	P43363	1.000	1.000	1.000
P49638	P49638	1.000	1.000	1.000
P52569	P52569	1.000	1.000	1.000
P61254	P61254	1.000	1.000	1.000
P78562	P78562	1.000	1.000	1.000
P78562	P08473	0.357	0.984	0.976
P78562	P42892	0.374	0.973	0.910
Q02161	Q02161	1.000	1.000	1.000
Q13029	Q13029	1.000	1.000	1.000
Q13794	Q13794	1.000	1.000	1.000
Q14CX7	Q14CX7	1.000	1.000	1.000
Q16548	Q16548	1.000	1.000	1.000
Q32MQ0	Q32MQ0	1.000	1.000	1.000
Q5H943	Q5H943	1.000	1.000	1.000
Q5VTR2	Q5VTR2	1.000	1.000	1.000
Q5VTR2	O75150	0.565	0.999	0.999
Q6E0U4	Q6E0U4	1.000	1.000	1.000
Q6STE5	Q6STE5	1.000	1.000	1.000
Q6XE24	Q6XE24	1.000	1.000	1.000
Q7Z2Z1	Q7Z2Z1	1.000	1.000	1.000
Q86V86	Q86V86	1.000	1.000	1.000
Q8IWT3	Q8IWT3	1.000	1.000	1.000
Q8N335	Q8N335	1.000	1.000	1.000
Q8N335	P21695	0.720	0.980	0.986
Q8NBC4	Q8NBC4	1.000	1.000	1.000
Q8TAT2	Q8TAT2	1.000	1.000	1.000
Q8WUY3	Q8WUY3	1.000	1.000	1.000
Q92995	Q92995	1.000	1.000	1.000
Q96DX5	Q96DX5	1.000	1.000	1.000
Q96DX5	Q9Y576	0.304	0.864	0.878
Q96JB8	Q96JB8	1.000	1.000	1.000
Q96PJ5	Q96PJ5	1.000	1.000	1.000
Q99638	Q99638	1.000	1.000	1.000
Q9BRZ2	Q9BRZ2	1.000	1.000	1.000
Q9BXC0	Q9BXC0	1.000	1.000	1.000
Q9BXC0	P49019	0.523	0.980	0.884
Q9BXC0	Q8TDS4	0.523	0.980	0.942
Q9BXC0	O00270	0.343	0.827	0.912
Q9BXC0	P43657	0.301	0.809	0.846
Q9C0B0	Q9C0B0	1.000	1.000	1.000
Q9H2S9	Q9H2S9	1.000	1.000	1.000
Q9H2S9	Q9UKS7	0.561	0.884	0.964
Q9H892	Q9H892	1.000	1.000	1.000
Q9HC36	Q9HC36	1.000	1.000	1.000
Q9NQS5	Q9NQS5	1.000	1.000	1.000
Q9NWQ8	Q9NWQ8	1.000	1.000	1.000
Q9NZJ9	Q9NZJ9	1.000	1.000	1.000
Q9NZJ9	Q96G61	0.907	0.900	0.994
Q9UGC7	Q9UGC7	1.000	1.000	1.000
Q9UKI8	Q9UKI8	1.000	1.000	1.000
Q9UP38	Q9UP38	1.000	1.000	1.000
Q9UP38	Q9ULV1	0.441	0.827	0.894
Q9Y3D2	Q9Y3D2	1.000	1.000	1.000
Q9Y6E2	Q9Y6E2	1.000	1.000	1.000
B0L3A2	B0L3A2	1.000	1.000	1.000
O00555	O00555	1.000	1.000	1.000
O43156	O43156	1.000	1.000	1.000
O60609	O60609	1.000	1.000	1.000
O75828	O75828	1.000	1.000	1.000
O95751	O95751	1.000	1.000	1.000
P01344	P01344	1.000	1.000	1.000
P05231	P05231	1.000	1.000	1.000
P0CG13	P0CG13	1.000	1.000	1.000
P13349	P13349	1.000	1.000	1.000
P18089	P18089	1.000	1.000	1.000
P18089	P08913	0.529	0.973	0.897
P18089	P21917	0.340	0.960	0.914
P18089	P35462	0.323	0.933	0.900
P23229	P23229	1.000	1.000	1.000
P28347	P28347	1.000	1.000	1.000
P32322	P32322	1.000	1.000	1.000
P32322	Q53H96	0.464	0.834	0.953
P37023	P37023	1.000	1.000	1.000
P37023	O00238	0.457	0.944	0.956
P43626	P43626	1.000	1.000	1.000
P43626	Q14954	0.943	0.868	0.997
P43626	Q14953	0.894	0.868	0.997
P49685	P49685	1.000	1.000	1.000
P49685	P35414	0.312	0.900	0.876
P49685	P46091	0.307	0.872	0.876
P52739	P52739	1.000	1.000	1.000
P61313	P61313	1.000	1.000	1.000
P80108	P80108	1.000	1.000	1.000
Q02543	Q02543	1.000	1.000	1.000
Q13064	Q13064	1.000	1.000	1.000
Q13822	Q13822	1.000	1.000	1.000
Q14CZ7	Q14CZ7	1.000	1.000	1.000
Q16552	Q16552	1.000	1.000	1.000
Q32NC0	Q32NC0	1.000	1.000	1.000
Q5H9J7	Q5H9J7	1.000	1.000	1.000
Q5VU97	Q5VU97	1.000	1.000	1.000
Q6ECI4	Q6ECI4	1.000	1.000	1.000
Q6ECI4	Q8TF45	0.455	0.953	0.993
Q6ECI4	Q03923	0.455	0.915	0.995
Q6ECI4	Q9NYW8	0.439	0.947	0.975
Q6ECI4	Q9NZL3	0.418	0.953	0.952
Q6ECI4	O94892	0.447	0.912	0.989
Q6ECI4	Q8NEP9	0.417	0.953	0.938
Q6TCH4	Q6TCH4	1.000	1.000	1.000
Q6TCH4	Q6ZVX9	0.337	0.860	0.828
Q6YHK3	Q6YHK3	1.000	1.000	1.000
Q7Z3E1	Q7Z3E1	1.000	1.000	1.000
Q86VQ3	Q86VQ3	1.000	1.000	1.000
Q8IWV1	Q8IWV1	1.000	1.000	1.000
Q8N392	Q8N392	1.000	1.000	1.000
Q8NC24	Q8NC24	1.000	1.000	1.000
Q8TAX7	Q8TAX7	1.000	1.000	1.000
Q8WV37	Q8WV37	1.000	1.000	1.000
Q8WV37	Q03923	0.459	0.955	0.990
Q8WV37	O94892	0.450	0.951	0.813
Q8WV37	Q9Y2P7	0.406	0.957	0.895
Q8WV37	P21506	0.411	0.950	0.969
Q8WV37	Q8NEP9	0.396	0.948	0.839
Q8WV37	Q9UJL9	0.438	0.895	0.846
Q969D9	Q969D9	1.000	1.000	1.000
Q96E11	Q96E11	1.000	1.000	1.000
Q96JM2	Q96JM2	1.000	1.000	1.000
Q96PL1	Q96PL1	1.000	1.000	1.000
Q96PL1	Q96QR1	0.435	0.989	0.962
Q99666	Q99666	1.000	1.000	1.000
Q9BSA4	Q9BSA4	1.000	1.000	1.000
Q9BSA4	Q9C0H2	0.418	0.970	0.979
Q9BXF3	Q9BXF3	1.000	1.000	1.000
Q9C0D3	Q9C0D3	1.000	1.000	1.000
Q9H2U2	Q9H2U2	1.000	1.000	1.000
Q9H8M2	Q9H8M2	1.000	1.000	1.000
Q9HC58	Q9HC58	1.000	1.000	1.000
Q9HC58	Q9UI40	0.392	0.856	0.829
Q9NQV6	Q9NQV6	1.000	1.000	1.000
Q9NWQ9	Q9NWQ9	1.000	1.000	1.000
Q9NZK5	Q9NZK5	1.000	1.000	1.000
Q9UGH3	Q9UGH3	1.000	1.000	1.000
Q9UGH3	Q9UHI7	0.685	0.834	0.908
Q9UKL0	Q9UKL0	1.000	1.000	1.000
Q9UPC5	Q9UPC5	1.000	1.000	1.000
Q9UPC5	Q9H244	0.323	0.801	0.892
Q9Y3D3	Q9Y3D3	1.000	1.000	1.000
Q9Y6F8	Q9Y6F8	1.000	1.000	1.000
B1AL88	B1AL88	1.000	1.000	1.000
O00763	O00763	1.000	1.000	1.000
O43182	O43182	1.000	1.000	1.000
O60721	O60721	1.000	1.000	1.000
O75840	O75840	1.000	1.000	1.000
O95819	O95819	1.000	1.000	1.000
P01563	P01563	1.000	1.000	1.000
P05362	P05362	1.000	1.000	1.000
P05362	P32942	0.509	0.891	0.870
P0DJI8	P0DJI8	1.000	1.000	1.000
P13498	P13498	1.000	1.000	1.000
P18124	P18124	1.000	1.000	1.000
P23378	P23378	1.000	1.000	1.000
P28566	P28566	1.000	1.000	1.000
P28566	P30939	0.585	0.937	0.940
P28566	P28221	0.486	0.975	0.936
P28566	P28222	0.484	0.929	0.864
P28566	P47898	0.349	0.890	0.840
P28566	P35462	0.311	0.874	0.877
P32418	P32418	1.000	1.000	1.000
P37275	P37275	1.000	1.000	1.000
P43652	P43652	1.000	1.000	1.000
P49753	P49753	1.000	1.000	1.000
P52756	P52756	1.000	1.000	1.000
P52756	P98175	0.505	0.996	0.997
P61366	P61366	1.000	1.000	1.000
P81172	P81172	1.000	1.000	1.000
Q02817	Q02817	1.000	1.000	1.000
Q13077	Q13077	1.000	1.000	1.000
Q13873	Q13873	1.000	1.000	1.000
Q14D04	Q14D04	1.000	1.000	1.000
Q16560	Q16560	1.000	1.000	1.000
Q3BBV0	Q3BBV0	1.000	1.000	1.000
Q5HYN5	Q5HYN5	1.000	1.000	1.000
Q5HYN5	Q8NHU0	0.994	1.000	1.000
Q5HYN5	P0DMU8	0.989	1.000	1.000
Q5VUA4	Q5VUA4	1.000	1.000	1.000
Q6EIG7	Q6EIG7	1.000	1.000	1.000
Q6EIG7	Q8WTT0	0.539	1.000	1.000
Q6EIG7	Q8WXI8	0.423	0.871	0.870
Q6UB28	Q6UB28	1.000	1.000	1.000
Q6ZMJ4	Q6ZMJ4	1.000	1.000	1.000
Q7Z410	Q7Z410	1.000	1.000	1.000
Q86VW1	Q86VW1	1.000	1.000	1.000
Q8IWZ3	Q8IWZ3	1.000	1.000	1.000
Q8N3F0	Q8N3F0	1.000	1.000	1.000
Q8NCE2	Q8NCE2	1.000	1.000	1.000
Q9Y6G3	Q9Y6G3	1.000	1.000	1.000
B2CW77	B2CW77	1.000	1.000	1.000
P01574	P01574	1.000	1.000	1.000
P05423	P05423	1.000	1.000	1.000
P0DMM9	P0DMM9	1.000	1.000	1.000
P0DMM9	P50225	0.928	1.000	1.000
P0DMM9	O43704	0.530	0.986	0.986
P0DMM9	Q06520	0.380	0.905	0.919
P13500	P13500	1.000	1.000	1.000
P13500	P51671	0.704	0.990	0.990
P18621	P18621	1.000	1.000	1.000
P23434	P23434	1.000	1.000	1.000
P28827	P28827	1.000	1.000	1.000
P32942	P32942	1.000	1.000	1.000
P32942	P05362	0.475	0.963	0.983
P38159	P38159	1.000	1.000	1.000
P38159	O75526	0.734	1.000	1.000
P43657	P43657	1.000	1.000	1.000
P43657	P47900	0.310	0.869	0.802
P43657	Q9Y2T6	0.317	0.802	0.846
P43657	Q9BXC0	0.300	0.887	0.853
P49767	P49767	1.000	1.000	1.000
P53602	P53602	1.000	1.000	1.000
P61513	P61513	1.000	1.000	1.000
P82650	P82650	1.000	1.000	1.000
Q03431	Q03431	1.000	1.000	1.000
Q13084	Q13084	1.000	1.000	1.000
Q13886	Q13886	1.000	1.000	1.000
Q15022	Q15022	1.000	1.000	1.000
Q16581	Q16581	1.000	1.000	1.000
Q3MHD2	Q3MHD2	1.000	1.000	1.000
Q5JT25	Q5JT25	1.000	1.000	1.000
Q5VUB5	Q5VUB5	1.000	1.000	1.000
Q6FHJ7	Q6FHJ7	1.000	1.000	1.000
Q6UB35	Q6UB35	1.000	1.000	1.000
Q6ZMR3	Q6ZMR3	1.000	1.000	1.000
Q7Z418	Q7Z418	1.000	1.000	1.000
Q86VZ1	Q86VZ1	1.000	1.000	1.000
Q8IXF0	Q8IXF0	1.000	1.000	1.000
Q8N414	Q8N414	1.000	1.000	1.000
Q8NCG7	Q8NCG7	1.000	1.000	1.000
Q8TB73	Q8TB73	1.000	1.000	1.000
Q8WVB6	Q8WVB6	1.000	1.000	1.000
Q969J2	Q969J2	1.000	1.000	1.000
Q969J2	Q16670	0.395	0.888	0.881
Q96E29	Q96E29	1.000	1.000	1.000
Q96JN0	Q96JN0	1.000	1.000	1.000
Q96PV4	Q96PV4	1.000	1.000	1.000
Q99684	Q99684	1.000	1.000	1.000
Q9BSG0	Q9BSG0	1.000	1.000	1.000
Q9BXJ3	Q9BXJ3	1.000	1.000	1.000
Q9GZM7	Q9GZM7	1.000	1.000	1.000
Q9H2W6	Q9H2W6	1.000	1.000	1.000
Q9H8S5	Q9H8S5	1.000	1.000	1.000
Q9HCE5	Q9HCE5	1.000	1.000	1.000
Q9NR22	Q9NR22	1.000	1.000	1.000
Q9NWU1	Q9NWU1	1.000	1.000	1.000
Q9NZP8	Q9NZP8	1.000	1.000	1.000
Q9UGL1	Q9UGL1	1.000	1.000	1.000
Q9UGL1	P41229	0.491	0.903	0.937
Q9UGL1	Q9BY66	0.483	0.876	0.914
Q9UKS7	Q9UKS7	1.000	1.000	1.000
Q9UKS7	Q9H2S9	0.572	0.935	0.858
Q9UPQ3	Q9UPQ3	1.000	1.000	1.000
Q9UPQ3	Q96P47	0.713	0.993	0.970
Q9Y3D9	Q9Y3D9	1.000	1.000	1.000
Q9Y6H5	Q9Y6H5	1.000	1.000	1.000
B2RNN3	B2RNN3	1.000	1.000	1.000
O14508	O14508	1.000	1.000	1.000
O43290	O43290	1.000	1.000	1.000
O60741	O60741	1.000	1.000	1.000
O75888	O75888	1.000	1.000	1.000
O95867	O95867	1.000	1.000	1.000
P01588	P01588	1.000	1.000	1.000
P05549	P05549	1.000	1.000	1.000
P05549	Q92754	0.640	1.000	1.000
P0DMR3	P0DMR3	1.000	1.000	1.000
P13637	P13637	1.000	1.000	1.000
P13637	Q13733	0.789	0.984	0.967
P18846	P18846	1.000	1.000	1.000
P23760	P23760	1.000	1.000	1.000
P29083	P29083	1.000	1.000	1.000
P32969	P32969	1.000	1.000	1.000
P39905	P39905	1.000	1.000	1.000
P46063	P46063	1.000	1.000	1.000
P49862	P49862	1.000	1.000	1.000
P49862	P00746	0.314	0.874	0.901
P49862	P08217	0.327	0.874	0.888
P54132	P54132	1.000	1.000	1.000
P61927	P61927	1.000	1.000	1.000
P82663	P82663	1.000	1.000	1.000
Q03923	Q03923	1.000	1.000	1.000
Q03923	Q6ECI4	0.460	0.995	0.915
Q03923	Q9NZL3	0.451	0.988	0.868
Q03923	Q8TF45	0.405	0.988	0.988
Q03923	Q9Y2P7	0.433	0.990	0.982
Q03923	Q8NEP9	0.449	0.995	0.939
Q03923	O94892	0.436	0.990	0.988
Q03923	Q9NYW8	0.415	0.993	0.941
Q03923	Q8WV37	0.461	0.990	0.955
Q03923	P21506	0.413	0.988	0.972
Q13105	Q13105	1.000	1.000	1.000
Q13887	Q13887	1.000	1.000	1.000
Q15029	Q15029	1.000	1.000	1.000
Q16594	Q16594	1.000	1.000	1.000
Q3SXM0	Q3SXM0	1.000	1.000	1.000
Q5JTZ9	Q5JTZ9	1.000	1.000	1.000
Q5VV67	Q5VV67	1.000	1.000	1.000
Q6GMV2	Q6GMV2	1.000	1.000	1.000
Q6UB98	Q6UB98	1.000	1.000	1.000
Q6ZN18	Q6ZN18	1.000	1.000	1.000
Q7Z443	Q7Z443	1.000	1.000	1.000
Q86VZ2	Q86VZ2	1.000	1.000	1.000
Q86VZ2	P61964	0.852	0.997	0.997
Q8IXH8	Q8IXH8	1.000	1.000	1.000
Q8N423	Q8N423	1.000	1.000	1.000
Q8NCU7	Q8NCU7	1.000	1.000	1.000
Q8NCU7	A6NLJ0	0.830	0.905	0.948
Q8TBZ0	Q8TBZ0	1.000	1.000	1.000
Q8WVC0	Q8WVC0	1.000	1.000	1.000
Q969J5	Q969J5	1.000	1.000	1.000
Q96E93	Q96E93	1.000	1.000	1.000
Q96JW4	Q96JW4	1.000	1.000	1.000
Q96QE2	Q96QE2	1.000	1.000	1.000
Q99705	Q99705	1.000	1.000	1.000
Q99705	P41145	0.300	0.850	0.800
Q99705	P47211	0.302	0.807	0.814
Q9BSH3	Q9BSH3	1.000	1.000	1.000
Q9BXL5	Q9BXL5	1.000	1.000	1.000
Q9GZN4	Q9GZN4	1.000	1.000	1.000
Q9GZN4	P08217	0.346	0.842	0.974
Q9H313	Q9H313	1.000	1.000	1.000
Q9H8Y5	Q9H8Y5	1.000	1.000	1.000
Q9HCE6	Q9HCE6	1.000	1.000	1.000
Q9NR46	Q9NR46	1.000	1.000	1.000
Q9NWU5	Q9NWU5	1.000	1.000	1.000
Q9P013	Q9P013	1.000	1.000	1.000
Q9UGT4	Q9UGT4	1.000	1.000	1.000
Q9UKU7	Q9UKU7	1.000	1.000	1.000
Q9UPX6	Q9UPX6	1.000	1.000	1.000
Q9Y3E2	Q9Y3E2	1.000	1.000	1.000
Q9Y6J0	Q9Y6J0	1.000	1.000	1.000
B2RUZ4	B2RUZ4	1.000	1.000	1.000
O14561	O14561	1.000	1.000	1.000
O43313	O43313	1.000	1.000	1.000
O60760	O60760	1.000	1.000	1.000
O75909	O75909	1.000	1.000	1.000
O95926	O95926	1.000	1.000	1.000
P01730	P01730	1.000	1.000	1.000
P06276	P06276	1.000	1.000	1.000
P0DMU8	P0DMU8	1.000	1.000	1.000
P0DMU8	Q8NHU0	0.994	1.000	1.000
P0DMU8	Q5HYN5	0.989	1.000	1.000
P13647	P13647	1.000	1.000	1.000
P13647	P35908	0.619	0.949	0.881
P18847	P18847	1.000	1.000	1.000
P23945	P23945	1.000	1.000	1.000
P23945	P22888	0.561	0.888	0.873
P29218	P29218	1.000	1.000	1.000
P29218	O14732	0.534	0.993	0.955
P32970	P32970	1.000	1.000	1.000
P40225	P40225	1.000	1.000	1.000
P46091	P46091	1.000	1.000	1.000
P46091	P25090	0.354	0.896	0.929
P46091	P25089	0.342	0.848	0.884
P46091	P21462	0.342	0.823	0.860
P46091	P49685	0.303	0.876	0.872
P49917	P49917	1.000	1.000	1.000
P54278	P54278	1.000	1.000	1.000
P61964	P61964	1.000	1.000	1.000
P61964	Q86VZ2	0.852	0.997	0.997
P82664	P82664	1.000	1.000	1.000
Q04323	Q04323	1.000	1.000	1.000
Q13111	Q13111	1.000	1.000	1.000
Q13888	Q13888	1.000	1.000	1.000
Q15048	Q15048	1.000	1.000	1.000
Q16602	Q16602	1.000	1.000	1.000
Q16602	P30988	0.576	0.954	0.935
Q3SXM5	Q3SXM5	1.000	1.000	1.000
Q5JY77	Q5JY77	1.000	1.000	1.000
Q5VVQ6	Q5VVQ6	1.000	1.000	1.000
Q6GPH6	Q6GPH6	1.000	1.000	1.000
Q6UB99	Q6UB99	1.000	1.000	1.000
Q6ZRF8	Q6ZRF8	1.000	1.000	1.000
Q7Z4G4	Q7Z4G4	1.000	1.000	1.000
Q86VZ6	Q86VZ6	1.000	1.000	1.000
Q8IXK0	Q8IXK0	1.000	1.000	1.000
Q8N427	Q8N427	1.000	1.000	1.000
Q8NDZ0	Q8NDZ0	1.000	1.000	1.000
Q8TC90	Q8TC90	1.000	1.000	1.000
Q8WVM0	Q8WVM0	1.000	1.000	1.000
Q969K4	Q969K4	1.000	1.000	1.000
Q96EH8	Q96EH8	1.000	1.000	1.000
Q96K76	Q96K76	1.000	1.000	1.000
Q96QE3	Q96QE3	1.000	1.000	1.000
Q99757	Q99757	1.000	1.000	1.000
Q9BSH4	Q9BSH4	1.000	1.000	1.000
Q9BXL8	Q9BXL8	1.000	1.000	1.000
Q9GZP0	Q9GZP0	1.000	1.000	1.000
Q9H3D4	Q9H3D4	1.000	1.000	1.000
Q9H992	Q9H992	1.000	1.000	1.000
Q9HCE9	Q9HCE9	1.000	1.000	1.000
Q9NR55	Q9NR55	1.000	1.000	1.000
Q9NWZ3	Q9NWZ3	1.000	1.000	1.000
Q9P015	Q9P015	1.000	1.000	1.000
Q9UH17	Q9UH17	1.000	1.000	1.000
Q9UKY0	Q9UKY0	1.000	1.000	1.000
Q9UQ84	Q9UQ84	1.000	1.000	1.000
Q9Y3P8	Q9Y3P8	1.000	1.000	1.000
Q9Y6K8	Q9Y6K8	1.000	1.000	1.000
B3EWF7	B3EWF7	1.000	1.000	1.000
O14594	O14594	1.000	1.000	1.000
O43325	O43325	1.000	1.000	1.000
O60779	O60779	1.000	1.000	1.000
O75937	O75937	1.000	1.000	1.000
O95932	O95932	1.000	1.000	1.000
O95932	Q08188	0.498	0.996	0.999
O95932	O43548	0.463	0.992	0.990
P02652	P02652	1.000	1.000	1.000
P06307	P06307	1.000	1.000	1.000
P0DN86	P0DN86	1.000	1.000	1.000
P0DN86	P0DN87	0.981	1.000	1.000
P13693	P13693	1.000	1.000	1.000
P19075	P19075	1.000	1.000	1.000
P19075	O14817	0.376	0.958	0.933
P24001	P24001	1.000	1.000	1.000
P29371	P29371	1.000	1.000	1.000
P33681	P33681	1.000	1.000	1.000
P40227	P40227	1.000	1.000	1.000
P46093	P46093	1.000	1.000	1.000
P46093	Q15743	0.509	0.862	0.855
P50135	P50135	1.000	1.000	1.000
P54284	P54284	1.000	1.000	1.000
P62068	P62068	1.000	1.000	1.000
P82673	P82673	1.000	1.000	1.000
Q04724	Q04724	1.000	1.000	1.000
Q13115	Q13115	1.000	1.000	1.000
Q14119	Q14119	1.000	1.000	1.000
Q15116	Q15116	1.000	1.000	1.000
Q16612	Q16612	1.000	1.000	1.000
Q3SY69	Q3SY69	1.000	1.000	1.000
Q5K131	Q5K131	1.000	1.000	1.000
Q5VVY1	Q5VVY1	1.000	1.000	1.000
Q6GTX8	Q6GTX8	1.000	1.000	1.000
Q6UVM3	Q6UVM3	1.000	1.000	1.000
Q6ZRS2	Q6ZRS2	1.000	1.000	1.000
Q7Z4R8	Q7Z4R8	1.000	1.000	1.000
Q86WA6	Q86WA6	1.000	1.000	1.000
Q8IXM3	Q8IXM3	1.000	1.000	1.000
Q8N4E7	Q8N4E7	1.000	1.000	1.000
Q8NEC7	Q8NEC7	1.000	1.000	1.000
Q8TCB6	Q8TCB6	1.000	1.000	1.000
Q8TCB6	A6NND4	0.365	0.947	0.947
Q8TCB6	P34982	0.306	0.950	0.962
Q8TCB6	Q9P1Q5	0.311	0.953	0.971
Q8TCB6	Q9Y585	0.332	0.950	0.968
Q8TCB6	Q8NGD0	0.324	0.928	0.936
Q8WVN8	Q8WVN8	1.000	1.000	1.000
Q969L4	Q969L4	1.000	1.000	1.000
Q96EL2	Q96EL2	1.000	1.000	1.000
Q96KF2	Q96KF2	1.000	1.000	1.000
Q96QR1	Q96QR1	1.000	1.000	1.000
Q96QR1	Q96PL1	0.446	0.894	0.914
Q99788	Q99788	1.000	1.000	1.000
Q99788	P25089	0.367	0.826	0.875
Q99788	P25090	0.376	0.818	0.872
Q99788	P21462	0.378	0.807	0.860
Q99788	P30556	0.310	0.922	0.936
Q99788	Q9P296	0.305	0.839	0.866
Q9BSL1	Q9BSL1	1.000	1.000	1.000
Q9BXV9	Q9BXV9	1.000	1.000	1.000
Q9GZP4	Q9GZP4	1.000	1.000	1.000
Q9H3F6	Q9H3F6	1.000	1.000	1.000
Q9H999	Q9H999	1.000	1.000	1.000
Q9HCF6	Q9HCF6	1.000	1.000	1.000
Q9NR82	Q9NR82	1.000	1.000	1.000
Q9NX02	Q9NX02	1.000	1.000	1.000
Q9NX02	P59046	0.336	0.960	0.971
Q9P0J1	Q9P0J1	1.000	1.000	1.000
Q9UHD2	Q9UHD2	1.000	1.000	1.000
Q9UKY1	Q9UKY1	1.000	1.000	1.000
Q9UKY1	Q9Y6X8	0.399	0.935	0.906
Q9UKY1	Q9H4I2	0.352	0.940	0.927
Q9Y210	Q9Y210	1.000	1.000	1.000
Q9Y210	Q13507	0.731	0.918	0.906
Q9Y3Q4	Q9Y3Q4	1.000	1.000	1.000
Q9Y6X0	Q9Y6X0	1.000	1.000	1.000
B4DJY2	B4DJY2	1.000	1.000	1.000
O14649	O14649	1.000	1.000	1.000
O43525	O43525	1.000	1.000	1.000
O43525	O43526	0.454	0.942	0.983
O60783	O60783	1.000	1.000	1.000
O76071	O76071	1.000	1.000	1.000
O95935	O95935	1.000	1.000	1.000
P02655	P02655	1.000	1.000	1.000
P06729	P06729	1.000	1.000	1.000
P0DN87	P0DN87	1.000	1.000	1.000
P0DN87	P0DN86	0.981	1.000	1.000
P13798	P13798	1.000	1.000	1.000
P19387	P19387	1.000	1.000	1.000
P24387	P24387	1.000	1.000	1.000
P29374	P29374	1.000	1.000	1.000
P33764	P33764	1.000	1.000	1.000
P40429	P40429	1.000	1.000	1.000
P46776	P46776	1.000	1.000	1.000
P50225	P50225	1.000	1.000	1.000
P50225	P0DMM9	0.928	1.000	1.000
P50225	O43704	0.537	0.986	0.986
P50225	Q06520	0.373	0.905	0.919
P54315	P54315	1.000	1.000	1.000
P54315	P16233	0.673	1.000	1.000
P54315	Q9Y5X9	0.317	0.865	0.842
P54315	P11150	0.319	0.938	0.910
P62079	P62079	1.000	1.000	1.000
P62079	Q8NG11	0.590	0.974	0.967
P82675	P82675	1.000	1.000	1.000
Q04756	Q04756	1.000	1.000	1.000
Q13156	Q13156	1.000	1.000	1.000
Q14129	Q14129	1.000	1.000	1.000
Q14129	Q9BY27	0.972	1.000	1.000
Q15147	Q15147	1.000	1.000	1.000
Q16613	Q16613	1.000	1.000	1.000
Q3Y452	Q3Y452	1.000	1.000	1.000
Q5K651	Q5K651	1.000	1.000	1.000
Q5VWG9	Q5VWG9	1.000	1.000	1.000
Q6IB77	Q6IB77	1.000	1.000	1.000
Q6UVW9	Q6UVW9	1.000	1.000	1.000
Q6ZSS7	Q6ZSS7	1.000	1.000	1.000
Q7Z4V0	Q7Z4V0	1.000	1.000	1.000
Q86WB7	Q86WB7	1.000	1.000	1.000
Q8IY21	Q8IY21	1.000	1.000	1.000
Q8N4T4	Q8N4T4	1.000	1.000	1.000
Q8NEG4	Q8NEG4	1.000	1.000	1.000
Q8TCC3	Q8TCC3	1.000	1.000	1.000
Q8WW12	Q8WW12	1.000	1.000	1.000
Q969N4	Q969N4	1.000	1.000	1.000
Q969N4	Q96RI8	0.795	1.000	0.994
Q969N4	O14804	0.441	0.968	0.955
Q969N4	P28222	0.307	0.860	0.862
Q969N4	P30939	0.304	0.857	0.923
Q96EL3	Q96EL3	1.000	1.000	1.000
Q96KK3	Q96KK3	1.000	1.000	1.000
Q96KK3	Q6PIU1	0.397	0.873	0.882
Q96KK3	P17658	0.307	0.806	0.820
Q96QR8	Q96QR8	1.000	1.000	1.000
Q99801	Q99801	1.000	1.000	1.000
Q9BSM1	Q9BSM1	1.000	1.000	1.000
Q9BXW9	Q9BXW9	1.000	1.000	1.000
Q9GZP8	Q9GZP8	1.000	1.000	1.000
Q9H3J6	Q9H3J6	1.000	1.000	1.000
Q9H9A7	Q9H9A7	1.000	1.000	1.000
Q9HCJ1	Q9HCJ1	1.000	1.000	1.000
Q9NR99	Q9NR99	1.000	1.000	1.000
Q9NR99	Q6WRI0	0.327	0.991	0.989
Q9NX20	Q9NX20	1.000	1.000	1.000
Q9P0J6	Q9P0J6	1.000	1.000	1.000
Q9UHH9	Q9UHH9	1.000	1.000	1.000
Q9UHH9	Q96PC2	0.456	0.955	0.961
Q9UL49	Q9UL49	1.000	1.000	1.000
Q9Y222	Q9Y222	1.000	1.000	1.000
Q9Y471	Q9Y471	1.000	1.000	1.000
Q9Y6X5	Q9Y6X5	1.000	1.000	1.000
Q9Y6X5	Q6UWR7	0.338	0.817	0.886
Q9Y6X5	Q6UWV6	0.327	0.868	0.871
B6A8C7	B6A8C7	1.000	1.000	1.000
O14654	O14654	1.000	1.000	1.000
O43526	O43526	1.000	1.000	1.000
O43526	O43525	0.458	0.978	0.952
O60894	O60894	1.000	1.000	1.000
O77932	O77932	1.000	1.000	1.000
O95980	O95980	1.000	1.000	1.000
P02671	P02671	1.000	1.000	1.000
P06850	P06850	1.000	1.000	1.000
P0DP57	P0DP57	1.000	1.000	1.000
P13984	P13984	1.000	1.000	1.000
P19440	P19440	1.000	1.000	1.000
P24522	P24522	1.000	1.000	1.000
P29376	P29376	1.000	1.000	1.000
P34096	P34096	1.000	1.000	1.000
P34096	Q9H1E1	0.386	0.918	0.917
P41143	P41143	1.000	1.000	1.000
P41143	P41145	0.645	0.849	0.818
P41143	Q99705	0.325	0.812	0.858
P41143	P47211	0.327	0.806	0.857
P41143	Q969F8	0.334	0.858	0.842
P46779	P46779	1.000	1.000	1.000
P50391	P50391	1.000	1.000	1.000
P50391	P25929	0.461	0.899	0.875
P50391	P49146	0.331	0.896	0.845
P54760	P54760	1.000	1.000	1.000
P54760	P21709	0.417	0.970	0.976
P62269	P62269	1.000	1.000	1.000
P82912	P82912	1.000	1.000	1.000
Q05048	Q05048	1.000	1.000	1.000
Q13158	Q13158	1.000	1.000	1.000
Q14152	Q14152	1.000	1.000	1.000
Q15173	Q15173	1.000	1.000	1.000
Q16670	Q16670	1.000	1.000	1.000
Q16670	Q969J2	0.391	0.902	0.906
Q3YBR2	Q3YBR2	1.000	1.000	1.000
Q5KSL6	Q5KSL6	1.000	1.000	1.000
Q5VWK5	Q5VWK5	1.000	1.000	1.000
Q6IPR1	Q6IPR1	1.000	1.000	1.000
Q6UW32	Q6UW32	1.000	1.000	1.000
Q6ZTQ4	Q6ZTQ4	1.000	1.000	1.000
Q7Z569	Q7Z569	1.000	1.000	1.000
Q86WI3	Q86WI3	1.000	1.000	1.000
Q8IY42	Q8IY42	1.000	1.000	1.000
Q8N4X5	Q8N4X5	1.000	1.000	1.000
Q8NEL9	Q8NEL9	1.000	1.000	1.000
Q8TCJ0	Q8TCJ0	1.000	1.000	1.000
Q8WWQ0	Q8WWQ0	1.000	1.000	1.000
Q969P0	Q969P0	1.000	1.000	1.000
Q96EP9	Q96EP9	1.000	1.000	1.000
Q96KN2	Q96KN2	1.000	1.000	1.000
Q96RD9	Q96RD9	1.000	1.000	1.000
Q99929	Q99929	1.000	1.000	1.000
Q9BU02	Q9BU02	1.000	1.000	1.000
Q9BY27	Q9BY27	1.000	1.000	1.000
Q9BY27	Q14129	0.972	1.000	1.000
Q9GZQ6	Q9GZQ6	1.000	1.000	1.000
Q9H3N8	Q9H3N8	1.000	1.000	1.000
Q9H9D4	Q9H9D4	1.000	1.000	1.000
Q9HCK8	Q9HCK8	1.000	1.000	1.000
Q9NRD1	Q9NRD1	1.000	1.000	1.000
Q9NXF7	Q9NXF7	1.000	1.000	1.000
Q9P0M9	Q9P0M9	1.000	1.000	1.000
Q9UHI7	Q9UHI7	1.000	1.000	1.000
Q9UHI7	Q9UGH3	0.685	0.908	0.834
Q9UL51	Q9UL51	1.000	1.000	1.000
Q9Y238	Q9Y238	1.000	1.000	1.000
Q9Y483	Q9Y483	1.000	1.000	1.000
Q9Y483	Q5T6S3	0.475	0.922	0.931
Q9Y6X8	Q9Y6X8	1.000	1.000	1.000
Q9Y6X8	Q9UKY1	0.399	0.901	0.930
Q9Y6X8	Q9H4I2	0.328	0.981	0.983
C0HLV8	C0HLV8	1.000	1.000	1.000
O14669	O14669	1.000	1.000	1.000
O43548	O43548	1.000	1.000	1.000
O43548	O95932	0.463	0.994	0.996
O43548	Q08188	0.447	0.978	0.981
O60895	O60895	1.000	1.000	1.000
O94776	O94776	1.000	1.000	1.000
O95998	O95998	1.000	1.000	1.000
P02675	P02675	1.000	1.000	1.000
P02675	P02679	0.329	0.800	0.843
P06881	P06881	1.000	1.000	1.000
P06881	P10092	0.875	1.000	1.000
P0DPB3	P0DPB3	1.000	1.000	1.000
P14136	P14136	1.000	1.000	1.000
P14136	P35900	0.333	0.819	0.814
P19835	P19835	1.000	1.000	1.000
P24530	P24530	1.000	1.000	1.000
P29459	P29459	1.000	1.000	1.000
P34130	P34130	1.000	1.000	1.000
P41145	P41145	1.000	1.000	1.000
P41145	P41143	0.601	0.924	0.914
P41145	Q99705	0.300	0.800	0.850
P41145	P51685	0.306	0.813	0.876
P47211	P47211	1.000	1.000	1.000
P47211	P41143	0.332	0.854	0.804
P47211	P49146	0.311	0.874	0.822
P47211	O00270	0.320	0.805	0.875
P47211	Q99705	0.302	0.814	0.807
P50406	P50406	1.000	1.000	1.000
P54826	P54826	1.000	1.000	1.000
P62310	P62310	1.000	1.000	1.000
P82921	P82921	1.000	1.000	1.000
Q05481	Q05481	1.000	1.000	1.000
Q13191	Q13191	1.000	1.000	1.000
Q14153	Q14153	1.000	1.000	1.000
Q15291	Q15291	1.000	1.000	1.000
Q16698	Q16698	1.000	1.000	1.000
Q401N2	Q401N2	1.000	1.000	1.000
Q5MJ68	Q5MJ68	1.000	1.000	1.000
Q5VYS4	Q5VYS4	1.000	1.000	1.000
Q6KF10	Q6KF10	1.000	1.000	1.000
Q6KF10	Q9UK05	0.310	0.802	0.811
Q6UWE0	Q6UWE0	1.000	1.000	1.000
Q6ZTU2	Q6ZTU2	1.000	1.000	1.000
Q7Z589	Q7Z589	1.000	1.000	1.000
Q86WQ0	Q86WQ0	1.000	1.000	1.000
Q8IY57	Q8IY57	1.000	1.000	1.000
Q8N5F7	Q8N5F7	1.000	1.000	1.000
Q8NEM7	Q8NEM7	1.000	1.000	1.000
Q8TDB8	Q8TDB8	1.000	1.000	1.000
Q8TDB8	P11168	0.498	0.894	0.958
Q8TDB8	Q9BYW1	0.341	0.873	0.921
Q8WWT9	Q8WWT9	1.000	1.000	1.000
Q8WWT9	Q86YT5	0.488	0.937	0.965
Q969P6	Q969P6	1.000	1.000	1.000
Q96ER3	Q96ER3	1.000	1.000	1.000
Q96KN3	Q96KN3	1.000	1.000	1.000
Q96RI8	Q96RI8	1.000	1.000	1.000
Q96RI8	Q969N4	0.795	0.994	1.000
Q96RI8	O14804	0.442	0.957	0.953
Q96RI8	P28222	0.306	0.855	0.862
Q96RI8	P28221	0.309	0.855	0.886
Q96RI8	P30939	0.303	0.803	0.880
Q99935	Q99935	1.000	1.000	1.000
Q9BUE6	Q9BUE6	1.000	1.000	1.000
Q9BY32	Q9BY32	1.000	1.000	1.000
Q9GZR1	Q9GZR1	1.000	1.000	1.000
Q9H3S1	Q9H3S1	1.000	1.000	1.000
Q9H9L7	Q9H9L7	1.000	1.000	1.000
Q9HCN2	Q9HCN2	1.000	1.000	1.000
Q9NRL2	Q9NRL2	1.000	1.000	1.000
Q9NY25	Q9NY25	1.000	1.000	1.000
Q9P1Q5	Q9P1Q5	1.000	1.000	1.000
Q9P1Q5	Q9Y585	0.834	1.000	1.000
Q9P1Q5	P34982	0.496	0.987	0.981
Q9P1Q5	Q8NHC4	0.411	0.997	1.000
Q9P1Q5	Q8NGD0	0.398	0.994	0.984
Q9P1Q5	A6NND4	0.379	0.948	0.925
Q9P1Q5	Q8TCB6	0.303	0.971	0.953
Q9UHK0	Q9UHK0	1.000	1.000	1.000
Q9UL62	Q9UL62	1.000	1.000	1.000
Q9Y258	Q9Y258	1.000	1.000	1.000
Q9Y258	Q92583	0.310	0.926	0.894
Q9Y258	P78556	0.312	0.819	0.812
Q9Y4A5	Q9Y4A5	1.000	1.000	1.000
C9JR72	C9JR72	1.000	1.000	1.000
O14686	O14686	1.000	1.000	1.000
O14686	Q8NEZ4	0.311	0.988	0.973
O43561	O43561	1.000	1.000	1.000
O75150	O75150	1.000	1.000	1.000
O75150	Q5VTR2	0.583	0.999	0.999
O94804	O94804	1.000	1.000	1.000
O96013	O96013	1.000	1.000	1.000
P02679	P02679	1.000	1.000	1.000
P02679	P02675	0.325	0.845	0.802
P07766	P07766	1.000	1.000	1.000
P0DPK3	P0DPK3	1.000	1.000	1.000
P0DPK3	P0DPK4	0.968	0.938	0.874
P14151	P14151	1.000	1.000	1.000
P20023	P20023	1.000	1.000	1.000
P24752	P24752	1.000	1.000	1.000
P24752	P42765	0.401	0.909	0.987
P29508	P29508	1.000	1.000	1.000
P29508	P48594	0.917	1.000	1.000
P29508	P35237	0.462	1.000	1.000
P29508	P05121	0.306	0.964	0.898
P34969	P34969	1.000	1.000	1.000
P41180	P41180	1.000	1.000	1.000
P41180	Q14833	0.316	0.803	0.930
P41180	Q14831	0.311	0.832	0.946
P47871	P47871	1.000	1.000	1.000
P47871	P43220	0.502	0.864	0.898
P47871	P34998	0.317	0.866	0.908
P50579	P50579	1.000	1.000	1.000
P54920	P54920	1.000	1.000	1.000
P62424	P62424	1.000	1.000	1.000
P82930	P82930	1.000	1.000	1.000
Q05D32	Q05D32	1.000	1.000	1.000
Q13201	Q13201	1.000	1.000	1.000
Q14197	Q14197	1.000	1.000	1.000
Q15327	Q15327	1.000	1.000	1.000
Q16769	Q16769	1.000	1.000	1.000
Q495A1	Q495A1	1.000	1.000	1.000
Q5QGZ9	Q5QGZ9	1.000	1.000	1.000
Q5QGZ9	Q2HXU8	0.338	0.966	0.982
Q5VYS8	Q5VYS8	1.000	1.000	1.000
Q6NSW7	Q6NSW7	1.000	1.000	1.000
Q6NSW7	Q9H9S0	0.990	1.000	1.000
Q6UWK7	Q6UWK7	1.000	1.000	1.000
Q6ZVX7	Q6ZVX7	1.000	1.000	1.000
Q7Z5A7	Q7Z5A7	1.000	1.000	1.000
Q7Z5A7	Q7Z5A8	0.436	0.826	0.820
Q86X83	Q86X83	1.000	1.000	1.000
Q8IY92	Q8IY92	1.000	1.000	1.000
Q8N5I2	Q8N5I2	1.000	1.000	1.000
Q8NEP9	Q8NEP9	1.000	1.000	1.000
Q8NEP9	Q03923	0.455	0.939	0.995
Q8NEP9	Q6ECI4	0.417	0.938	0.953
Q8NEP9	Q9NZL3	0.407	0.975	0.907
Q8NEP9	Q8TF45	0.398	0.941	0.996
Q8NEP9	Q9NYW8	0.383	0.928	0.972
Q8NEP9	Q9Y2P7	0.389	0.928	0.976
Q8NEP9	O94892	0.386	0.943	0.952
Q8NEP9	Q8WV37	0.396	0.839	0.948
Q8NEP9	P21506	0.387	0.893	0.977
Q8TDN1	Q8TDN1	1.000	1.000	1.000
Q8TDN1	Q6PIU1	0.360	0.865	0.882
Q8WWY6	Q8WWY6	1.000	1.000	1.000
Q969S2	Q969S2	1.000	1.000	1.000
Q96EY7	Q96EY7	1.000	1.000	1.000
Q96KN4	Q96KN4	1.000	1.000	1.000
Q96RL1	Q96RL1	1.000	1.000	1.000
Q99958	Q99958	1.000	1.000	1.000
Q99958	Q12948	0.488	1.000	1.000
Q9BUP3	Q9BUP3	1.000	1.000	1.000
Q9BY66	Q9BY66	1.000	1.000	1.000
Q9BY66	P41229	0.852	0.995	0.993
Q9BY66	Q9UGL1	0.485	0.914	0.876
Q9GZU8	Q9GZU8	1.000	1.000	1.000
Q9H3T3	Q9H3T3	1.000	1.000	1.000
Q9H9P8	Q9H9P8	1.000	1.000	1.000
Q9HCY8	Q9HCY8	1.000	1.000	1.000
Q9NRN5	Q9NRN5	1.000	1.000	1.000
Q9NRN5	Q6UWY5	0.330	0.983	0.973
Q9NY72	Q9NY72	1.000	1.000	1.000
Q9P1Z3	Q9P1Z3	1.000	1.000	1.000
Q9P1Z3	Q9UL51	0.661	0.911	0.804
Q9UHQ1	Q9UHQ1	1.000	1.000	1.000
Q9ULA0	Q9ULA0	1.000	1.000	1.000
Q9Y291	Q9Y291	1.000	1.000	1.000
Q9Y4C2	Q9Y4C2	1.000	1.000	1.000
Q9NQX1	Q9NQX1	1.000	1.000	1.000
Q96PN7	Q96PN7	1.000	1.000	1.000
P01215	P01215	1.000	1.000	1.000
P04839	P04839	1.000	1.000	1.000
P09683	P09683	1.000	1.000	1.000
P11597	P11597	1.000	1.000	1.000
P17174	P17174	1.000	1.000	1.000
P21917	P21917	1.000	1.000	1.000
P21917	P35462	0.395	0.888	0.900
P21917	P08913	0.371	0.871	0.843
P21917	P18089	0.328	0.871	0.918
P28069	P28069	1.000	1.000	1.000
O14497	O14497	1.000	1.000	1.000
O14497	Q8NFD5	0.537	0.925	0.855
O43194	O43194	1.000	1.000	1.000
O60732	O60732	1.000	1.000	1.000
Q9BRD0	Q9BRD0	1.000	1.000	1.000
Q9BWV1	Q9BWV1	1.000	1.000	1.000
Q9BYZ8	Q9BYZ8	1.000	1.000	1.000
Q9BYZ8	Q06141	0.327	0.930	0.920
Q9H1E1	Q9H1E1	1.000	1.000	1.000
Q9H1E1	P34096	0.386	0.917	0.918
Q9H6T0	Q9H6T0	1.000	1.000	1.000
Q9HBH1	Q9HBH1	1.000	1.000	1.000
Q9NPY3	Q9NPY3	1.000	1.000	1.000
Q9NUJ1	Q9NUJ1	1.000	1.000	1.000
Q9NZD2	Q9NZD2	1.000	1.000	1.000
Q9UBT6	Q9UBT6	1.000	1.000	1.000
